Dataset,Experiment,Folder,Average_SAD,Average_MSE,STD_SAD,STD_MSE
Samson,"Results (25 runs, no seed, diff images)","Blur (sigma = [0.1, 1.0])",[0.07489481 0.04171163 0.02150855],[0.03676511 0.02046375 0.01378584],[0.12481445 0.00815555 0.00356642],[0.02554134 0.01508783 0.00565557]
Samson,"Results (25 runs, no seed, diff images)","Blur (sigma = [0.1, 2.0])",[0.05085009 0.03963101 0.02048439],[0.03147985 0.01702133 0.01359062],[0.02785108 0.00142234 0.00263651],[0.00663136 0.00514413 0.00239063]
Samson,"Results (25 runs, no seed, diff images)",Crop (50),[0.05325709 0.04105935 0.02817271],[0.03375569 0.01888244 0.0135976 ],[0.02722421 0.00183174 0.00407019],[0.00910739 0.0069591  0.00223412]
Samson,"Results (25 runs, no seed, diff images)",Crop (75),[0.04736427 0.04020083 0.03125418],[0.03099151 0.01675293 0.0129346 ],[0.01391147 0.00123292 0.00570249],[0.00863712 0.00632825 0.00242844]
Samson,"Results (25 runs, no seed, diff images)",Crop (95),[0.05538568 0.04096571 0.02837256],[0.03398933 0.01900532 0.01347624],[0.031173   0.00207185 0.00516691],[0.00810637 0.00532664 0.00303259]
Samson,"Results (25 runs, no seed, diff images)",Vertical Flip,[0.03472055 0.03943264 0.29274195],[0.03380841 0.01619371 0.02151978],[0.01592916 0.00130548 0.01114137],[0.00832166 0.00560973 0.00269951]
Samson,"Results (25 runs, no seed, diff images)",Horizontal Flip,[0.0344732  0.03872181 0.2896429 ],[0.03592004 0.01738523 0.02214704],[0.02095264 0.0016286  0.01191738],[0.00685271 0.00521323 0.00346264]
Samson,"Results (25 runs, no seed, diff images)",Mix Flip,[0.03478315 0.03903403 0.29391775],[0.03359501 0.01352094 0.02221475],[0.00848483 0.00109181 0.00938051],[0.00553447 0.00284662 0.00304643]
Samson,"Results (25 runs, no seed, diff images)",Random Flip,[0.04244378 0.03914428 0.2931204 ],[0.03658684 0.01583045 0.02395896],[0.03952564 0.00099586 0.00873902],[0.00903825 0.00541258 0.00501197]
Samson,"Results (25 runs, no seed, diff images)",Jitter,[0.07230996 0.04335375 0.02218111],[0.03796877 0.02308672 0.01162146],[0.1220196  0.00512085 0.00450028],[0.02477851 0.02015971 0.00253766]
Samson,"Results (25 runs, no seed, diff images)",Crop + Blur,[0.0435442  0.03921442 0.02794155],[0.01832257 0.00987686 0.0088313 ],[0.00650537 0.00056621 0.00283944],[0.01010595 0.00962784 0.00122754]
Samson,"Results (25 runs, no seed, diff images)",Crop + Flip,[0.02764556 0.03836007 0.31862405],[0.03223089 0.02133473 0.02403563],[0.0046402  0.00046876 0.02310252],[0.00443728 0.00421412 0.00266242]
Samson,"Results (25 runs, no seed, diff images)",Crop + Flip + Blur,[0.02995033 0.03721985 0.34437227],[0.0360647  0.01876308 0.02845718],[0.00360202 0.00062661 0.02435961],[0.01401993 0.00524298 0.00816792]
Samson,"Results (25 runs, no seed, diff images)",Crop + Jitter,[0.03942275 0.04081781 0.03094226],[0.01847054 0.00957024 0.00891866],[0.01037389 0.00080366 0.00410999],[0.00429653 0.00306013 0.00156814]
Samson,"Results (25 runs, no seed, diff images)",Crop + Jitter + Blur,[0.04268135 0.03919166 0.02922061],[0.01764405 0.00862241 0.00942899],[0.00429746 0.0007686  0.00446973],[0.00465631 0.00302635 0.002044  ]
Samson,"Results (25 runs, no seed, diff images)",Crop + Jitter + Flip,[0.0270798  0.03841177 0.32485947],[0.03318917 0.02137503 0.02336237],[0.00367805 0.00046228 0.02117842],[0.00479558 0.00371861 0.00381595]
Samson,"Results (25 runs, no seed, diff images)",Jitter + Flip,[0.02529254 0.03985842 0.27925116],[0.03753333 0.02532849 0.02173569],[0.00473825 0.00062142 0.01477884],[0.00610104 0.00477131 0.00330086]
Samson,"Results (25 runs, no seed, diff images)",Jitter + Flip + Blur,[0.02670412 0.03948295 0.2861511 ],[0.03541587 0.02365487 0.02208924],[0.00424287 0.00087593 0.01865387],[0.00430187 0.00330159 0.00286612]
Samson,"Results (25 runs, no seed, same images)","Blur (sigma = [0.1, 1.0])",[0.03593975 0.03944575 0.02288866],[0.02827653 0.0154     0.01186813],[0.00671574 0.00100198 0.00348273],[0.01104908 0.00728    0.00327075]
Samson,"Results (25 runs, no seed, same images)","Blur (sigma = [0.1, 2.0])",[0.03600429 0.03957741 0.02329592],[0.03115827 0.01674525 0.01252748],[0.00281839 0.00078788 0.00454552],[0.01015279 0.006815   0.00298696]
Samson,"Results (25 runs, no seed, same images)",Crop (50),[0.03762157 0.03988739 0.03075511],[0.03797784 0.02009725 0.01623709],[0.00309058 0.00106899 0.00461066],[0.01991187 0.0071959  0.0145045 ]
Samson,"Results (25 runs, no seed, same images)",Crop (75),[0.0376199  0.04010969 0.03323752],[0.0314252  0.0168088  0.01280237],[0.00461299 0.00079063 0.00521225],[0.00963922 0.00602971 0.00284183]
Samson,"Results (25 runs, no seed, same images)",Crop (95),[0.03888486 0.03989046 0.02803341],[0.03563026 0.01976895 0.01345639],[0.00412613 0.00096762 0.00346409],[0.01024454 0.00703954 0.00237456]
Samson,"Results (25 runs, no seed, same images)",Vertical Flip,[0.02609225 0.03941235 0.27791238],[0.02913485 0.01499578 0.02211424],[0.00381481 0.00061624 0.01399978],[0.0033415  0.0040405  0.00244632]
Samson,"Results (25 runs, no seed, same images)",Horizontal Flip,[0.02714699 0.03912043 0.27978262],[0.02892103 0.01481457 0.02187191],[0.00441704 0.00058223 0.01313147],[0.00430506 0.00446171 0.00243314]
Samson,"Results (25 runs, no seed, same images)",Mix Flip,[0.02835641 0.03882969 0.28062728],[0.03095949 0.01418055 0.02198706],[0.00390228 0.00055115 0.01485562],[0.00408738 0.00350382 0.00267445]
Samson,"Results (25 runs, no seed, same images)",Random Flip,[0.02645516 0.03933857 0.2763164 ],[0.03132271 0.01468737 0.02218699],[0.00426536 0.00058057 0.01595877],[0.00562354 0.0039512  0.00312677]
Samson,"Results (25 runs, no seed, same images)",Jitter,[0.05185995 0.04278889 0.02435699],[0.03395556 0.01893957 0.01170892],[0.09768871 0.00385089 0.0044082 ],[0.02174449 0.01419599 0.00272233]
Samson,"Results (25 runs, no seed, same images)",Crop + Blur,[0.06515308 0.03936784 0.03288596],[0.02184484 0.01210039 0.01139761],[0.01929482 0.00131568 0.00445577],[0.00492121 0.00448989 0.00161216]
Samson,"Results (25 runs, no seed, same images)",Crop + Flip,[0.0500622  0.03734255 0.33837166],[0.03289174 0.01079796 0.0252995 ],[0.03717256 0.0010642  0.01207455],[0.00753825 0.00219697 0.0035612 ]
Samson,"Results (25 runs, no seed, same images)",Crop + Flip + Blur,[0.05294963 0.0361516  0.32261777],[0.03379361 0.01138805 0.02636317],[0.03495531 0.0006484  0.01922377],[0.00959575 0.00202705 0.00605936]
Samson,"Results (25 runs, no seed, same images)",Crop + Jitter,[0.06594707 0.04101901 0.03071368],[0.02266092 0.01106724 0.01252352],[0.01812765 0.00174662 0.00476678],[0.0069568  0.00444596 0.00267157]
Samson,"Results (25 runs, no seed, same images)",Crop + Jitter + Blur,[0.06849062 0.03967009 0.03162121],[0.02288936 0.01192811 0.01287543],[0.01294672 0.00172592 0.0069335 ],[0.00605743 0.00461969 0.00228539]
Samson,"Results (25 runs, no seed, same images)",Crop + Jitter + Flip,[0.03621508 0.03688274 0.33428195],[0.03367469 0.01155905 0.02526954],[0.00885185 0.00073742 0.01436192],[0.00835307 0.00301089 0.00360702]
Samson,"Results (25 runs, no seed, same images)",Jitter + Flip,[0.03330404 0.03819203 0.28203785],[0.03125222 0.01164168 0.02133852],[0.00694285 0.0007275  0.01221263],[0.00624622 0.00282591 0.00253595]
Samson,"Results (25 runs, no seed, same images)",Jitter + Flip + Blur,[0.04222259 0.03724752 0.28748882],[0.03392589 0.01320444 0.02231494],[0.01811573 0.0012481  0.01273173],[0.01193226 0.00608856 0.00385195]
Samson,"Results (25 runs, seed, same images)","Blur (sigma = [0.1, 1.0])",[0.07257189 0.03987261 0.02056623],[0.02862381 0.01649131 0.01301124],[0.02398291 0.0010607  0.00136897],[0.00873751 0.00708063 0.00266271]
Samson,"Results (25 runs, seed, same images)","Blur (sigma = [0.1, 2.0])",[0.08556951 0.03995411 0.02072366],[0.02367049 0.01168483 0.01294338],[0.03099997 0.00141695 0.00251473],[0.00586597 0.00361231 0.00272765]
Samson,"Results (25 runs, seed, same images)",Crop (50),[0.07816994 0.04133645 0.03272642],[0.03074109 0.01834347 0.01319691],[0.0225857  0.00150757 0.0048994 ],[0.01085278 0.00958083 0.00250025]
Samson,"Results (25 runs, seed, same images)",Crop (75),[0.07896145 0.04130913 0.03402464],[0.02854576 0.01666399 0.01307271],[0.02958378 0.00157786 0.00469099],[0.01045653 0.00780055 0.00307977]
Samson,"Results (25 runs, seed, same images)",Crop (95),[0.06990536 0.0411403  0.03609961],[0.03196025 0.0196838  0.01328432],[0.02497292 0.00184201 0.00604752],[0.01203957 0.01017624 0.00304312]
Samson,"Results (25 runs, seed, same images)",Vertical Flip,[0.06294299 0.03720631 0.28842503],[0.0429991  0.0139185  0.02680714],[0.03021275 0.00083086 0.00554045],[0.01060875 0.00297676 0.00588416]
Samson,"Results (25 runs, seed, same images)",Horizontal Flip,[0.10208778 0.03731073 0.29165417],[0.05035625 0.01851801 0.02939583],[0.06827991 0.00295627 0.01503911],[0.01458533 0.01217212 0.0059202 ]
Samson,"Results (25 runs, seed, same images)",Mix Flip,[0.11010552 0.03769347 0.29298314],[0.05044411 0.01641731 0.03000868],[0.07808327 0.00129866 0.0168497 ],[0.0201526  0.00702508 0.01110532]
Samson,"Results (25 runs, seed, same images)",Random Flip,[0.07273936 0.03730362 0.29016736],[0.04307108 0.01405524 0.02748621],[0.04454563 0.0008012  0.0081864 ],[0.01358796 0.00451467 0.00791616]
Samson,"Results (25 runs, seed, same images)",Jitter,[0.06285329 0.04261662 0.02207319],[0.02817749 0.01586096 0.01288158],[0.02205247 0.00154465 0.00245586],[0.00933942 0.00725211 0.00326465]
Samson,"Results (25 runs, seed, same images)",Crop + Blur,[0.03980331 0.03821732 0.02615103],[0.03685495 0.02126932 0.01292501],[0.00384711 0.00057296 0.00209823],[0.00764724 0.00550041 0.00275303]
Samson,"Results (25 runs, seed, same images)",Crop + Flip,[0.02732208 0.03838282 0.3447242 ],[0.03241432 0.01856217 0.02518357],[0.00333614 0.00044785 0.0190689 ],[0.00545377 0.00467933 0.00288953]
Samson,"Results (25 runs, seed, same images)",Crop + Flip + Blur,[0.02802086 0.03768011 0.3682285 ],[0.03263258 0.01633407 0.027383  ],[0.00318902 0.00039378 0.01965928],[0.00633553 0.00351924 0.00532845]
Samson,"Results (25 runs, seed, same images)",Crop + Jitter,[0.21248749 0.04930332 0.03059212],[0.08030625 0.04716437 0.0210548 ],[0.28574932 0.01475085 0.00777747],[0.06625815 0.0409232  0.01347897]
Samson,"Results (25 runs, seed, same images)",Crop + Jitter + Blur,[0.10564986 0.04220728 0.02604949],[0.05270392 0.03005531 0.0173901 ],[0.18073213 0.01079881 0.00312505],[0.02925757 0.01586786 0.00696366]
Samson,"Results (25 runs, seed, same images)",Crop + Jitter + Flip,[0.06624751 0.03698723 0.36822385],[0.03921405 0.01269594 0.02887717],[0.03700754 0.00081668 0.00962436],[0.01130774 0.00458768 0.00568805]
Samson,"Results (25 runs, seed, same images)",Jitter + Flip,[0.06147905 0.03832206 0.29902843],[0.04069439 0.01408291 0.02673509],[0.06118183 0.00147519 0.02100938],[0.02099793 0.00786564 0.00669638]
Samson,"Results (25 runs, seed, same images)",Jitter + Flip + Blur,[0.07127442 0.03684448 0.30376783],[0.03904367 0.01233404 0.02785947],[0.05820026 0.00159994 0.01754344],[0.01717881 0.00283383 0.01008522]
Urban4,"Results (25 runs, no seed, diff images)","Blur (sigma = [0.1, 1.0])",[0.05382192 0.06032389 0.02741077 0.02690487],[0.03218438 0.03894986 0.02251939 0.02932816],[0.00208572 0.00379872 0.00252285 0.00591161],[0.0036333  0.00354529 0.00309726 0.00460928]
Urban4,"Results (25 runs, no seed, diff images)","Blur (sigma = [0.1, 2.0])",[0.0536327  0.06189006 0.02568566 0.02921203],[0.03118462 0.03825757 0.02186296 0.02844121],[0.00141383 0.00403621 0.00219964 0.0045211 ],[0.00279393 0.00226246 0.00173341 0.00437566]
Urban4,"Results (25 runs, no seed, diff images)",Crop (50),[0.05160084 0.05943676 0.03161008 0.0279371 ],[0.0326247  0.03975609 0.02458349 0.02717674],[0.00205248 0.00551754 0.00266395 0.00528658],[0.00349119 0.00653604 0.00623472 0.00463889]
Urban4,"Results (25 runs, no seed, diff images)",Crop (75),[0.05223055 0.06074097 0.03078975 0.02865332],[0.03620832 0.03771286 0.02166957 0.02800724],[0.00196388 0.00299195 0.0029131  0.00568744],[0.00215419 0.00292661 0.00227987 0.00293667]
Urban4,"Results (25 runs, no seed, diff images)",Crop (95),[0.05225304 0.05977001 0.03205916 0.02931219],[0.03682526 0.0390361  0.02137554 0.02978936],[0.00308884 0.00358345 0.0027726  0.00536514],[0.00341813 0.00343575 0.00196754 0.00598784]
Urban4,"Results (25 runs, no seed, diff images)",Vertical Flip,[0.061767   0.06795136 0.04076579 0.02534838],[0.0310814  0.03346939 0.01650351 0.02704752],[0.00281523 0.00444998 0.00470112 0.00642736],[0.00352164 0.00517725 0.00432195 0.00724676]
Urban4,"Results (25 runs, no seed, diff images)",Horizontal Flip,[0.06103297 0.06885744 0.0422254  0.02662901],[0.03230576 0.03524233 0.01583736 0.02731264],[0.00327625 0.00375359 0.00359356 0.00630925],[0.00242904 0.00545711 0.00243917 0.00426462]
Urban4,"Results (25 runs, no seed, diff images)",Mix Flip,[0.06069874 0.07143451 0.04327514 0.02515421],[0.03146048 0.04018891 0.01757522 0.02593685],[0.00303008 0.00520324 0.00346309 0.00479784],[0.00300501 0.00467253 0.00416774 0.00406207]
Urban4,"Results (25 runs, no seed, diff images)",Random Flip,[0.06034441 0.07319883 0.04164088 0.02660668],[0.03004635 0.03860397 0.01690404 0.02477625],[0.00247063 0.00338303 0.00317488 0.00722287],[0.0024604  0.00418801 0.00367577 0.00419336]
Urban4,"Results (25 runs, no seed, diff images)",Jitter,[0.05857142 0.05803818 0.04674781 0.03194728],[0.02889931 0.03621808 0.02164979 0.02285665],[0.00217285 0.00386665 0.00323296 0.00484438],[0.00291132 0.00798617 0.00797671 0.00396484]
Urban4,"Results (25 runs, no seed, diff images)",Crop + Blur,[0.04654774 0.0444819  0.03496957 0.03349458],[0.0402609  0.04006014 0.02701057 0.03256388],[0.00224091 0.00356754 0.00545118 0.00746641],[0.00317746 0.00300547 0.00413044 0.00501068]
Urban4,"Results (25 runs, no seed, diff images)",Crop + Flip,[0.06568704 0.04629272 0.03334621 0.03214387],[0.05591996 0.04709329 0.02655073 0.03996916],[0.00452097 0.00326563 0.00400365 0.00922396],[0.0047609  0.00461991 0.0018139  0.00609915]
Urban4,"Results (25 runs, no seed, diff images)",Crop + Flip + Blur,[0.06160999 0.04554784 0.02701422 0.02933084],[0.05223709 0.04693954 0.03204074 0.04437873],[0.00191395 0.00399258 0.00275745 0.00897115],[0.0050846  0.0062022  0.00310859 0.00699624]
Urban4,"Results (25 runs, no seed, diff images)",Crop + Jitter,[0.05159521 0.03905467 0.03538604 0.03476864],[0.05006516 0.04160232 0.02437349 0.03234526],[0.00218962 0.00334949 0.00444987 0.00730649],[0.00347352 0.00328619 0.00260906 0.00414143]
Urban4,"Results (25 runs, no seed, diff images)",Crop + Jitter + Blur,[0.04769671 0.04270002 0.03388157 0.03290173],[0.05016387 0.042013   0.02980175 0.04070975],[0.00226793 0.0043173  0.00537138 0.0083628 ],[0.00389078 0.00438018 0.00442    0.00788107]
Urban4,"Results (25 runs, no seed, diff images)",Crop + Jitter + Flip,[0.06519548 0.04532525 0.03335623 0.02799363],[0.05877674 0.05001244 0.02796857 0.03921615],[0.00341069 0.00338279 0.00449633 0.00798337],[0.00515836 0.00440415 0.00281261 0.00652867]
Urban4,"Results (25 runs, no seed, diff images)",Jitter + Flip,[0.06229375 0.05066463 0.04654668 0.03020697],[0.04476891 0.04358599 0.02087147 0.02922223],[0.00330784 0.00406741 0.0047814  0.00732883],[0.00530247 0.00448399 0.00280255 0.00499647]
Urban4,"Results (25 runs, no seed, diff images)",Jitter + Flip + Blur,[0.05806218 0.04646892 0.0290432  0.02900024],[0.04827094 0.04314924 0.0257806  0.03837438],[0.00293556 0.00401261 0.00467685 0.00741163],[0.00540421 0.00380567 0.00303169 0.00696481]
Urban4,"Results (25 runs, no seed, same images)","Blur (sigma = [0.1, 1.0])",[0.05693235 0.05936785 0.02724582 0.02681226],[0.03174631 0.03141604 0.02047361 0.02596652],[0.00236925 0.00341912 0.00247267 0.0039126 ],[0.00346894 0.00369981 0.00196084 0.00394857]
Urban4,"Results (25 runs, no seed, same images)","Blur (sigma = [0.1, 2.0])",[0.05784451 0.058544   0.02538578 0.02729329],[0.03141948 0.032782   0.02319926 0.02730036],[0.00429002 0.0036522  0.00188367 0.00551591],[0.00377765 0.00378289 0.0040843  0.00385588]
Urban4,"Results (25 runs, no seed, same images)",Crop (50),[0.05118985 0.04259926 0.03547796 0.0325897 ],[0.04417259 0.0423621  0.02497797 0.02997549],[0.00315005 0.00297564 0.00372445 0.00741917],[0.00421264 0.00324102 0.00248687 0.00572692]
Urban4,"Results (25 runs, no seed, same images)",Crop (75),[0.05381546 0.05818663 0.0335935  0.02855177],[0.03329585 0.03237169 0.02104638 0.02496517],[0.00188257 0.00473223 0.00253681 0.00621379],[0.00263298 0.00393112 0.00218738 0.0048375 ]
Urban4,"Results (25 runs, no seed, same images)",Crop (95),[0.05516766 0.0577166  0.03279729 0.02692714],[0.03257863 0.03228907 0.02096238 0.02522098],[0.00215981 0.00352227 0.00179515 0.00540695],[0.00174813 0.00277354 0.00274097 0.00296207]
Urban4,"Results (25 runs, no seed, same images)",Vertical Flip,[0.06681363 0.06972205 0.04143991 0.028859  ],[0.03768159 0.03352021 0.01455135 0.03069861],[0.00480482 0.00388825 0.00329765 0.00622302],[0.00481931 0.00687159 0.00211513 0.00652874]
Urban4,"Results (25 runs, no seed, same images)",Horizontal Flip,[0.06679287 0.07021795 0.04197075 0.02761877],[0.03574419 0.0321741  0.01441293 0.03110828],[0.00393308 0.0047845  0.00430973 0.00636403],[0.00251697 0.00391482 0.00123153 0.0041539 ]
Urban4,"Results (25 runs, no seed, same images)",Mix Flip,[0.06691129 0.07205617 0.04146282 0.02736283],[0.03625326 0.03403016 0.01469619 0.02966511],[0.00608838 0.00430944 0.00487193 0.00512058],[0.00329564 0.00603299 0.00149848 0.00507853]
Urban4,"Results (25 runs, no seed, same images)",Random Flip,[0.06467133 0.06845267 0.04046267 0.02501782],[0.03269197 0.04082793 0.02242014 0.02817741],[0.00549176 0.00624671 0.00387063 0.00546625],[0.00338194 0.0078254  0.00672697 0.00428454]
Urban4,"Results (25 runs, no seed, same images)",Jitter,[0.0581491  0.05969288 0.04883721 0.03036662],[0.02877671 0.0398765  0.02446065 0.02106467],[0.0030907  0.00482102 0.0040141  0.00582027],[0.00201265 0.00783098 0.00855582 0.00327572]
Urban4,"Results (25 runs, no seed, same images)",Crop + Blur,[0.04681524 0.04604233 0.0362413  0.02996169],[0.03829308 0.0381556  0.02832917 0.0331033 ],[0.00148052 0.00317667 0.00387106 0.00552378],[0.0042193  0.00413439 0.00267725 0.00554885]
Urban4,"Results (25 runs, no seed, same images)",Crop + Flip,[0.06640232 0.04603274 0.03502326 0.03092476],[0.05744207 0.04788606 0.02890266 0.04222975],[0.00345174 0.00330422 0.00458011 0.00699143],[0.00563482 0.00538518 0.00325042 0.00766433]
Urban4,"Results (25 runs, no seed, same images)",Crop + Flip + Blur,[0.06269524 0.04525391 0.02773085 0.03073461],[0.05229601 0.04534844 0.03476253 0.04860709],[0.00323429 0.00353566 0.00358856 0.00606329],[0.00486187 0.00568316 0.0050116  0.00854645]
Urban4,"Results (25 runs, no seed, same images)",Crop + Jitter,[0.05069067 0.03949551 0.03339362 0.03262721],[0.04841983 0.047274   0.02934716 0.03306436],[0.00217735 0.00304651 0.00438512 0.0072882 ],[0.00346234 0.00545116 0.00474686 0.0051376 ]
Urban4,"Results (25 runs, no seed, same images)",Crop + Jitter + Blur,[0.04743233 0.04234608 0.03628161 0.02889628],[0.04110494 0.04169684 0.03073828 0.0324427 ],[0.00185488 0.00267016 0.00490241 0.00713815],[0.00364251 0.00579839 0.0060201  0.00579164]
Urban4,"Results (25 runs, no seed, same images)",Crop + Jitter + Flip,[0.06515642 0.0431581  0.03434195 0.03333837],[0.06041665 0.05221627 0.03193811 0.04483237],[0.002693   0.00349314 0.00351982 0.00970132],[0.00427123 0.00458808 0.00401572 0.00622885]
Urban4,"Results (25 runs, no seed, same images)",Jitter + Flip,[0.06037547 0.04975973 0.04986764 0.03444549],[0.04488777 0.04179997 0.02145039 0.03023915],[0.00288444 0.00409584 0.00392892 0.01123593],[0.0036751  0.00646555 0.00480199 0.00366088]
Urban4,"Results (25 runs, no seed, same images)",Jitter + Flip + Blur,[0.05916931 0.0451646  0.02789619 0.02798267],[0.05083757 0.04184045 0.02727103 0.04408566],[0.0031145  0.00301941 0.00268897 0.00838943],[0.00372697 0.00409954 0.00277496 0.00577861]
Urban4,"Results (25 runs, seed, same images)","Blur (sigma = [0.1, 1.0])",[0.05955298 0.0586241  0.02467179 0.02805325],[0.0290915  0.04054424 0.02765764 0.03100584],[0.00283451 0.0045736  0.00158768 0.00465951],[0.00254053 0.00344563 0.00480551 0.00399048]
Urban4,"Results (25 runs, seed, same images)","Blur (sigma = [0.1, 2.0])",[0.060851   0.05470155 0.02850655 0.02584256],[0.02796765 0.04017339 0.02898155 0.03247434],[0.0044317  0.00364888 0.00213107 0.00474352],[0.00229586 0.0042141  0.00578282 0.0047654 ]
Urban4,"Results (25 runs, seed, same images)",Crop (50),[0.05298486 0.04774579 0.03344605 0.02489915],[0.0351122  0.05064823 0.03897921 0.03083148],[0.00190713 0.00391858 0.00529716 0.00303817],[0.00205962 0.00871511 0.01125094 0.00233234]
Urban4,"Results (25 runs, seed, same images)",Crop (75),[0.05164059 0.05455741 0.03036935 0.02996855],[0.03458448 0.04427819 0.03006113 0.02902607],[0.00192532 0.01078049 0.00422916 0.00578121],[0.00298342 0.00927097 0.0111492  0.00359809]
Urban4,"Results (25 runs, seed, same images)",Crop (95),[0.05117809 0.05299451 0.03177477 0.0281338 ],[0.03315462 0.04320969 0.02923297 0.0271825 ],[0.00192916 0.00649218 0.00342015 0.00506752],[0.00238194 0.0084624  0.00863708 0.00244194]
Urban4,"Results (25 runs, seed, same images)",Vertical Flip,[0.06643305 0.07033715 0.04141142 0.02849089],[0.03641679 0.03088159 0.01380557 0.0281211 ],[0.0035313  0.00388575 0.00412225 0.00707264],[0.00313148 0.00333022 0.0013598  0.00472025]
Urban4,"Results (25 runs, seed, same images)",Horizontal Flip,[0.06645348 0.07115447 0.04145478 0.02818784],[0.03739584 0.03414589 0.01366348 0.02747217],[0.00335093 0.00346999 0.00243683 0.00526587],[0.0051739  0.00471819 0.00121971 0.00458398]
Urban4,"Results (25 runs, seed, same images)",Mix Flip,[0.0664665  0.07159415 0.04154767 0.0256418 ],[0.03656575 0.03167727 0.01403974 0.02947564],[0.0037884  0.00382658 0.00303867 0.00576329],[0.0039035  0.00360316 0.00179094 0.00473977]
Urban4,"Results (25 runs, seed, same images)",Random Flip,[0.06686848 0.07111472 0.04106595 0.0270826 ],[0.03715204 0.03257871 0.01387732 0.02810591],[0.00366722 0.00395647 0.00450652 0.00663798],[0.00332871 0.00349119 0.00123505 0.00434418]
Urban4,"Results (25 runs, seed, same images)",Jitter,[0.06246961 0.06291649 0.04628718 0.02876559],[0.03050679 0.03146832 0.01651948 0.02244984],[0.00368982 0.00315737 0.00386824 0.00394789],[0.00323956 0.00401875 0.0040978  0.00400266]
Urban4,"Results (25 runs, seed, same images)",Crop + Blur,[0.04739651 0.05212021 0.03808438 0.03323188],[0.03911757 0.03810208 0.02618447 0.02891012],[0.00239244 0.00463087 0.00458047 0.00709535],[0.00311783 0.00340142 0.00340692 0.0034555 ]
Urban4,"Results (25 runs, seed, same images)",Crop + Flip,[0.06472789 0.04617419 0.03278264 0.02824464],[0.05349207 0.0492138  0.02699035 0.03537171],[0.00323554 0.00411426 0.00384949 0.00810447],[0.00521206 0.00379582 0.00225163 0.0051625 ]
Urban4,"Results (25 runs, seed, same images)",Crop + Flip + Blur,[0.06099681 0.04866502 0.02884706 0.03056205],[0.04759196 0.04543158 0.03330847 0.0401095 ],[0.00395932 0.00370911 0.00359686 0.00644239],[0.0060076  0.00441531 0.00365223 0.00752452]
Urban4,"Results (25 runs, seed, same images)",Crop + Jitter,[0.0514445  0.04278113 0.03450923 0.02853781],[0.04734497 0.04222679 0.02437205 0.03033252],[0.00301472 0.00372653 0.00473697 0.00774871],[0.00325008 0.00269618 0.00222469 0.00547008]
Urban4,"Results (25 runs, seed, same images)",Crop + Jitter + Blur,[0.04764037 0.04675091 0.03751039 0.0277816 ],[0.03970008 0.03669219 0.02530525 0.03116065],[0.00205561 0.00318033 0.00393995 0.00797528],[0.00291016 0.00307521 0.00313547 0.00454337]
Urban4,"Results (25 runs, seed, same images)",Crop + Jitter + Flip,[0.06490684 0.04517522 0.03498842 0.02994357],[0.05755002 0.05170917 0.02909901 0.03743503],[0.00395023 0.00334345 0.0051742  0.00830517],[0.00456806 0.00524164 0.00242813 0.00757251]
Urban4,"Results (25 runs, seed, same images)",Jitter + Flip,[0.06075776 0.05052986 0.04592884 0.02938092],[0.04518427 0.04571023 0.02129382 0.02729709],[0.00320974 0.00379658 0.00511888 0.00950903],[0.00578713 0.00624822 0.00252474 0.0053199 ]
Urban4,"Results (25 runs, seed, same images)",Jitter + Flip + Blur,[0.05589781 0.04771422 0.02708843 0.02715767],[0.0459016  0.04322305 0.02547854 0.0354102 ],[0.00369893 0.003422   0.00264894 0.00946414],[0.00543388 0.00290424 0.00193003 0.00603407]
Urban5,"Results (25 runs, no seed, diff images)","Blur (sigma = [0.1, 1.0])",[0.03911698 0.04189174 0.10400857 0.05147291 0.20896864],[0.0417199  0.06009272 0.02996823 0.01996419 0.04315315],[0.00231777 0.00381778 0.0063738  0.00535084 0.00810317],[0.00802094 0.00921544 0.00381436 0.0027936  0.00903745]
Urban5,"Results (25 runs, no seed, diff images)","Blur (sigma = [0.1, 2.0])",[0.03869679 0.04328552 0.10576849 0.05051165 0.20684183],[0.03753794 0.0549564  0.02804648 0.01985653 0.03912942],[0.00192678 0.00496627 0.00774325 0.00706425 0.01339673],[0.00589509 0.00821863 0.00454599 0.00256    0.0070221 ]
Urban5,"Results (25 runs, no seed, diff images)",Crop (50),[0.04201083 0.04213534 0.13309096 0.04782016 0.21552166],[0.04401477 0.05854443 0.02934665 0.01912756 0.04568538],[0.00279265 0.00535297 0.00487191 0.00583826 0.01625585],[0.00634765 0.00890427 0.00583111 0.0034334  0.00892936]
Urban5,"Results (25 runs, no seed, diff images)",Crop (75),[0.04220397 0.03942085 0.13206685 0.0475448  0.2244128 ],[0.04409987 0.06454699 0.03420588 0.02040673 0.04643211],[0.0023742  0.00415337 0.00345248 0.00625386 0.00929237],[0.00733216 0.00941884 0.00574304 0.00383576 0.00802113]
Urban5,"Results (25 runs, no seed, diff images)",Crop (95),[0.04150603 0.04205825 0.13181473 0.04656658 0.22383057],[0.04847976 0.05671062 0.02624929 0.01955011 0.05029339],[0.00223958 0.00398253 0.00383506 0.00584178 0.00939512],[0.00881417 0.00884318 0.00564297 0.0034603  0.007191  ]
Urban5,"Results (25 runs, no seed, diff images)",Vertical Flip,[0.04966478 0.0444949  0.13792048 0.05177424 0.25221613],[0.04769187 0.06901778 0.03019539 0.01767135 0.05849666],[0.00313673 0.00385919 0.00639479 0.00644773 0.00976332],[0.00670134 0.01714234 0.01173331 0.00223567 0.00714841]
Urban5,"Results (25 runs, no seed, diff images)",Horizontal Flip,[0.04821617 0.04277543 0.14004669 0.04909674 0.252486  ],[0.04943703 0.06905146 0.02985492 0.01768176 0.05880739],[0.00281399 0.00374701 0.00416305 0.00827914 0.01162597],[0.0069636  0.01477937 0.01009669 0.00323091 0.00773903]
Urban5,"Results (25 runs, no seed, diff images)",Mix Flip,[0.04715519 0.04522486 0.1376566  0.05045619 0.25250882],[0.05334789 0.07391129 0.034121   0.01622118 0.05824843],[0.00257722 0.00482551 0.00550916 0.00640354 0.01058358],[0.01021937 0.00731072 0.00269541 0.00260899 0.00560299]
Urban5,"Results (25 runs, no seed, diff images)",Random Flip,[0.04837038 0.04927981 0.13621399 0.05237734 0.27173054],[0.05680967 0.07650268 0.0387281  0.01625017 0.0637121 ],[0.00762294 0.02203713 0.01413049 0.008897   0.10984948],[0.01169866 0.00913063 0.01110425 0.0020987  0.02042739]
Urban5,"Results (25 runs, no seed, diff images)",Jitter,[0.04542448 0.03963889 0.15167859 0.04675499 0.22555824],[0.03848507 0.05157812 0.02038651 0.01401344 0.0435776 ],[0.00280004 0.00386101 0.00393368 0.00650907 0.00948857],[0.00617904 0.01079435 0.00231729 0.00322709 0.00849858]
Urban5,"Results (25 runs, no seed, diff images)",Crop + Blur,[0.03653203 0.04842949 0.09132192 0.047483   0.20196277],[0.04395102 0.05314905 0.03059007 0.02300078 0.04082549],[0.00180574 0.00440578 0.00681215 0.00503273 0.01199485],[0.00752113 0.00779446 0.00575704 0.00451122 0.00752051]
Urban5,"Results (25 runs, no seed, diff images)",Crop + Flip,[0.04977496 0.04122831 0.12452295 0.04712103 0.24069138],[0.06316512 0.0665653  0.02929973 0.02274306 0.06807358],[0.00253592 0.00347224 0.00518323 0.006507   0.00763088],[0.00801364 0.0097772  0.00504074 0.00425093 0.00977572]
Urban5,"Results (25 runs, no seed, diff images)",Crop + Flip + Blur,[0.04364046 0.0405264  0.08594801 0.04772917 0.22648108],[0.06050238 0.06592734 0.03215886 0.02759542 0.05656606],[0.00280249 0.00307851 0.00680331 0.0047985  0.00735477],[0.0128752  0.0116531  0.00568193 0.00633607 0.00961016]
Urban5,"Results (25 runs, no seed, diff images)",Crop + Jitter,[0.04058873 0.04197471 0.13619803 0.04410906 0.22262207],[0.04947671 0.05707072 0.02872083 0.02104419 0.05156178],[0.00215939 0.00631508 0.00498623 0.00533095 0.0082974 ],[0.00979848 0.01064807 0.00536087 0.00314556 0.00979182]
Urban5,"Results (25 runs, no seed, diff images)",Crop + Jitter + Blur,[0.0361946  0.04844517 0.09222232 0.04967548 0.20192534],[0.04484978 0.05463061 0.02973267 0.02098982 0.04292177],[0.00158859 0.00540535 0.00627598 0.00557567 0.01078285],[0.00972515 0.0075567  0.00429504 0.00260728 0.00976457]
Urban5,"Results (25 runs, no seed, diff images)",Crop + Jitter + Flip,[0.05027358 0.04190468 0.12284305 0.04855658 0.2467488 ],[0.06630624 0.07111435 0.03150531 0.02393448 0.07014278],[0.00237901 0.00375629 0.00435246 0.00737891 0.00795939],[0.01200926 0.01100703 0.00602238 0.00344546 0.01041799]
Urban5,"Results (25 runs, no seed, diff images)",Jitter + Flip,[0.0490915  0.04425357 0.14102173 0.04919214 0.25686944],[0.05138842 0.06600946 0.0300034  0.01630088 0.05826352],[0.00340119 0.00325106 0.00515116 0.00662156 0.00838208],[0.0089893  0.01123277 0.00778075 0.00323086 0.00830119]
Urban5,"Results (25 runs, no seed, diff images)",Jitter + Flip + Blur,[0.04231484 0.04316887 0.08573572 0.0504746  0.24061012],[0.06057416 0.06770218 0.0282691  0.02291839 0.06310014],[0.0020861  0.00287015 0.00820173 0.0047019  0.00734451],[0.00859905 0.01142235 0.00618261 0.0042606  0.01120686]
Urban5,"Results (25 runs, no seed, same images)","Blur (sigma = [0.1, 1.0])",[0.03930672 0.04186647 0.09905717 0.04943993 0.21583384],[0.04620649 0.06259844 0.03514162 0.02239795 0.04428962],[0.00140189 0.00348883 0.00472188 0.00697915 0.00989598],[0.00777888 0.00935183 0.00372353 0.00258096 0.0075686 ]
Urban5,"Results (25 runs, no seed, same images)","Blur (sigma = [0.1, 2.0])",[0.04160986 0.04569947 0.10831773 0.04635169 0.21277381],[0.04679811 0.0641858  0.03319664 0.02116539 0.04633236],[0.00203834 0.00468913 0.0048781  0.00471186 0.01389152],[0.00624584 0.00870998 0.00698422 0.0032616  0.00629615]
Urban5,"Results (25 runs, no seed, same images)",Crop (50),[0.04201213 0.0419897  0.13221833 0.04763636 0.22307694],[0.04301418 0.05213026 0.02722944 0.02002831 0.04415765],[0.00281731 0.00599581 0.00558717 0.00707955 0.01501624],[0.00916093 0.01293953 0.00703092 0.00312427 0.01042849]
Urban5,"Results (25 runs, no seed, same images)",Crop (75),[0.04231379 0.04256698 0.13217854 0.04434617 0.22386932],[0.04976325 0.05552505 0.02763195 0.01973235 0.04784257],[0.00229758 0.0053168  0.00568777 0.00433898 0.01407842],[0.01190756 0.012495   0.00599574 0.00331375 0.00900931]
Urban5,"Results (25 runs, no seed, same images)",Crop (95),[0.04173238 0.04057401 0.13756904 0.04521627 0.22853334],[0.05138027 0.05990732 0.02955291 0.02100114 0.05387988],[0.00199241 0.00397841 0.00427684 0.00509258 0.00784775],[0.00934377 0.0127101  0.00522407 0.00289161 0.00978049]
Urban5,"Results (25 runs, no seed, same images)",Vertical Flip,[0.04894792 0.04895099 0.14045984 0.05008944 0.2754812 ],[0.05884866 0.07013845 0.03307188 0.01636856 0.06826232],[0.006292   0.02671971 0.00496303 0.00606544 0.1076075 ],[0.00961138 0.01696626 0.02730206 0.00430656 0.0271525 ]
Urban5,"Results (25 runs, no seed, same images)",Horizontal Flip,[0.05006182 0.04667678 0.14017743 0.05405077 0.2536802 ],[0.05109489 0.06892565 0.02699515 0.0155357  0.06075948],[0.00315799 0.00480199 0.00395549 0.00684341 0.01031143],[0.00945719 0.0159956  0.00720681 0.00320551 0.01095124]
Urban5,"Results (25 runs, no seed, same images)",Mix Flip,[0.04854193 0.0445899  0.14193314 0.04971166 0.24787363],[0.05499849 0.06399155 0.02455624 0.01511465 0.06048952],[0.00211389 0.00377276 0.00438898 0.00675672 0.0064121 ],[0.00828319 0.01348867 0.00405694 0.00235764 0.01138706]
Urban5,"Results (25 runs, no seed, same images)",Random Flip,[0.04915191 0.04527029 0.14156324 0.05151841 0.25191617],[0.054454   0.06254717 0.02376155 0.01453301 0.05963457],[0.00213641 0.00439313 0.00426498 0.00797619 0.00645993],[0.00824423 0.0101358  0.00310243 0.00198309 0.00838996]
Urban5,"Results (25 runs, no seed, same images)",Jitter,[0.0449503  0.03766421 0.15283355 0.04649942 0.22219251],[0.03557282 0.04628639 0.0198379  0.01247231 0.04033269],[0.00254865 0.00425307 0.00432662 0.00648656 0.00752371],[0.0053424  0.00753579 0.00311814 0.00184122 0.00510211]
Urban5,"Results (25 runs, no seed, same images)",Crop + Blur,[0.03539512 0.04660826 0.08670627 0.04749363 0.19604452],[0.04618732 0.06045346 0.032567   0.02307824 0.04611418],[0.00202604 0.00548429 0.00337294 0.00449677 0.01685642],[0.01002637 0.00894512 0.00457039 0.00332041 0.00765241]
Urban5,"Results (25 runs, no seed, same images)",Crop + Flip,[0.05073233 0.0415811  0.12587106 0.04829596 0.24070519],[0.06289499 0.07064516 0.03245463 0.02487483 0.06584699],[0.00270736 0.00379098 0.00380969 0.00588906 0.00936785],[0.01006227 0.01178795 0.00371617 0.00399637 0.01239613]
Urban5,"Results (25 runs, no seed, same images)",Crop + Flip + Blur,[0.04287803 0.04066321 0.08194641 0.04859675 0.2173182 ],[0.0614693  0.0681133  0.03709321 0.03242274 0.05714304],[0.00163831 0.00283433 0.00355266 0.00586136 0.0062204 ],[0.01031092 0.00834796 0.00298901 0.00398003 0.00810287]
Urban5,"Results (25 runs, no seed, same images)",Crop + Jitter,[0.04229537 0.04053192 0.13188003 0.04764631 0.22490871],[0.05455533 0.06528678 0.0300315  0.02077734 0.05681413],[0.00238692 0.00561597 0.00445239 0.00651585 0.01081776],[0.00855744 0.00804584 0.00331039 0.00455847 0.00930275]
Urban5,"Results (25 runs, no seed, same images)",Crop + Jitter + Blur,[0.03526079 0.04625363 0.0875534  0.04445687 0.19680437],[0.05153485 0.06267288 0.03633876 0.02666236 0.0502528 ],[0.00140743 0.00801416 0.00515223 0.00453156 0.01993958],[0.00599182 0.0099433  0.00694857 0.00381044 0.00631375]
Urban5,"Results (25 runs, no seed, same images)",Crop + Jitter + Flip,[0.05000181 0.03970265 0.12586199 0.04532793 0.24470793],[0.06557659 0.07425018 0.03427131 0.02482827 0.0697901 ],[0.00264866 0.00318397 0.00380362 0.00707058 0.00882619],[0.01167207 0.00950413 0.00351783 0.00342482 0.01025502]
Urban5,"Results (25 runs, no seed, same images)",Jitter + Flip,[0.04842741 0.04297592 0.14139207 0.04986294 0.2542103 ],[0.05428628 0.08113091 0.04091092 0.01969983 0.06048397],[0.00329481 0.00347645 0.00327283 0.00643073 0.00995569],[0.01117706 0.00845129 0.00215337 0.00346771 0.01120357]
Urban5,"Results (25 runs, no seed, same images)",Jitter + Flip + Blur,[0.0432752  0.04321574 0.09186565 0.05241525 0.24066095],[0.05979048 0.07593114 0.03484154 0.02772735 0.06498408],[0.00239585 0.00266311 0.00601425 0.00652789 0.0077898 ],[0.00790369 0.00762696 0.00207916 0.00344125 0.00828103]
Urban5,"Results (25 runs, seed, same images)","Blur (sigma = [0.1, 1.0])",[0.03767642 0.04775142 0.10138334 0.04990395 0.1909794 ],[0.04360519 0.0552992  0.02690502 0.02003421 0.04184438],[0.00172397 0.00535579 0.00530919 0.00502391 0.01039068],[0.00545107 0.00655649 0.00456496 0.00280192 0.00491998]
Urban5,"Results (25 runs, seed, same images)","Blur (sigma = [0.1, 2.0])",[0.03759963 0.04353433 0.09975726 0.05762762 0.19271891],[0.04158921 0.05759583 0.0264913  0.01841336 0.03852748],[0.00133193 0.00440779 0.00426102 0.00387289 0.01230494],[0.00611862 0.01053939 0.00565899 0.00312597 0.00615488]
Urban5,"Results (25 runs, seed, same images)",Crop (50),[0.04271347 0.04264117 0.13082808 0.04544057 0.22611849],[0.04603507 0.05328206 0.02357598 0.01892917 0.04852058],[0.00220447 0.00536621 0.00434407 0.00543309 0.0130535 ],[0.00771524 0.0069079  0.00146338 0.00260748 0.00780564]
Urban5,"Results (25 runs, seed, same images)",Crop (75),[0.04180931 0.04104409 0.135093   0.04633066 0.22757511],[0.0446234  0.05336687 0.02553279 0.0206858  0.04494604],[0.00228852 0.00465211 0.00582858 0.00535938 0.007409  ],[0.00891728 0.00787514 0.00482077 0.00430457 0.00901127]
Urban5,"Results (25 runs, seed, same images)",Crop (95),[0.04243568 0.04437536 0.13259904 0.04682032 0.21972466],[0.04479082 0.05223437 0.02469157 0.02012032 0.04543507],[0.0017522  0.00625207 0.00404981 0.00492327 0.00660516],[0.0076989  0.00686331 0.00158559 0.00279572 0.00856917]
Urban5,"Results (25 runs, seed, same images)",Vertical Flip,[0.04951625 0.04445088 0.14173025 0.05128234 0.25354534],[0.05213663 0.0694207  0.03081655 0.01652826 0.0599716 ],[0.00232082 0.00403077 0.00431626 0.00805059 0.00799478],[0.01086952 0.01249681 0.00671539 0.00279002 0.0094877 ]
Urban5,"Results (25 runs, seed, same images)",Horizontal Flip,[0.04910396 0.04371392 0.14167419 0.05118838 0.25337517],[0.04927776 0.06717625 0.03254926 0.01755723 0.05482651],[0.00298614 0.00432297 0.00453701 0.00721275 0.00839398],[0.01089019 0.01147113 0.00762087 0.00347953 0.009179  ]
Urban5,"Results (25 runs, seed, same images)",Mix Flip,[0.04748838 0.04486729 0.14388838 0.0480965  0.25388497],[0.05706864 0.05724751 0.02077515 0.01577258 0.06232616],[0.00247907 0.00355293 0.00509713 0.00696051 0.00642893],[0.00923483 0.00754164 0.00175723 0.00256255 0.00833696]
Urban5,"Results (25 runs, seed, same images)",Random Flip,[0.04763627 0.04558088 0.14377216 0.05106195 0.2534996 ],[0.05816498 0.05843772 0.02095334 0.01632326 0.06257682],[0.00259297 0.00475048 0.00309946 0.00810624 0.00765182],[0.00911151 0.00786552 0.00266672 0.00329572 0.00794677]
Urban5,"Results (25 runs, seed, same images)",Jitter,[0.0455556  0.04110021 0.15006353 0.04853792 0.22808388],[0.03938227 0.06076898 0.02747877 0.01244787 0.04509902],[0.00251183 0.00592843 0.00340557 0.00652507 0.00920289],[0.00710954 0.00649864 0.00229029 0.0019888  0.0080986 ]
Urban5,"Results (25 runs, seed, same images)",Crop + Blur,[0.03773372 0.0504092  0.09175838 0.04423004 0.20145497],[0.04490762 0.05822109 0.02811154 0.02464421 0.04914029],[0.00237078 0.00883769 0.00487401 0.00472743 0.02142985],[0.00953324 0.00926648 0.00276562 0.00471247 0.00916099]
Urban5,"Results (25 runs, seed, same images)",Crop + Flip,[0.04973013 0.04300052 0.12274719 0.04698516 0.24199995],[0.0618607  0.06737413 0.03063307 0.02323378 0.06372853],[0.00329439 0.00304454 0.00519808 0.00543092 0.00999534],[0.01132533 0.01059763 0.0034161  0.00315881 0.01295692]
Urban5,"Results (25 runs, seed, same images)",Crop + Flip + Blur,[0.0445712  0.04216479 0.081236   0.04747074 0.22759663],[0.06583875 0.07032521 0.03767001 0.02824717 0.06336323],[0.00210066 0.0025061  0.00469019 0.00491744 0.00828521],[0.01075117 0.00749038 0.00450522 0.00502195 0.01240108]
Urban5,"Results (25 runs, seed, same images)",Crop + Jitter,[0.03989775 0.04714412 0.13172798 0.04607207 0.20896001],[0.04781621 0.05443677 0.02435895 0.02123457 0.05544069],[0.00289329 0.00571919 0.00482995 0.00556353 0.01869553],[0.01008779 0.00883163 0.00138606 0.00312379 0.01314812]
Urban5,"Results (25 runs, seed, same images)",Crop + Jitter + Blur,[0.03667726 0.04980541 0.09158876 0.04643888 0.19869265],[0.04709894 0.05830305 0.03058854 0.02405767 0.05509721],[0.00195154 0.00801202 0.00610356 0.00442068 0.0232871 ],[0.00821989 0.00819582 0.00751168 0.00313289 0.00964467]
Urban5,"Results (25 runs, seed, same images)",Crop + Jitter + Flip,[0.05106197 0.0393077  0.1264756  0.04619454 0.24749143],[0.06809147 0.07114172 0.03349864 0.02568569 0.06932213],[0.00320789 0.0035039  0.00506188 0.00506768 0.01092696],[0.01145173 0.01109889 0.00462297 0.00398758 0.01138631]
Urban5,"Results (25 runs, seed, same images)",Jitter + Flip,[0.04852378 0.04485223 0.13943943 0.05094082 0.25204217],[0.05612702 0.07334732 0.03214993 0.0162493  0.06440181],[0.00258647 0.00393504 0.00561416 0.00886094 0.01300093],[0.01062079 0.01155759 0.00714536 0.00264735 0.01068584]
Urban5,"Results (25 runs, seed, same images)",Jitter + Flip + Blur,[0.04227289 0.04216886 0.08549119 0.05206766 0.24190965],[0.06039666 0.0766687  0.03513279 0.02412366 0.06486861],[0.00196767 0.00303891 0.00438243 0.00542886 0.00788608],[0.01111717 0.00846208 0.00605842 0.00322065 0.01028279]
Urban6,"Results (25 runs, no seed, diff images)","Blur (sigma = [0.1, 1.0])",[0.04486654 0.03045967 0.1223558  0.04410464 0.40644282 0.06526297],[0.02255251 0.09275873 0.03608207 0.01565882 0.07860003 0.02246089],[0.00686508 0.00282429 0.00547111 0.00457697 0.00936626 0.00739297],[0.0024014  0.01486747 0.00359845 0.00344266 0.01439961 0.0046441 ]
Urban6,"Results (25 runs, no seed, diff images)","Blur (sigma = [0.1, 2.0])",[0.04328764 0.03427928 0.12115736 0.04486683 0.41077065 0.06662476],[0.0221893  0.09609296 0.03548846 0.01579878 0.08108943 0.02113187],[0.0057434  0.01864708 0.00689329 0.00390825 0.01205259 0.01314057],[0.00279991 0.01348094 0.00441855 0.0029097  0.01324331 0.00489621]
Urban6,"Results (25 runs, no seed, diff images)",Crop (50),[0.0455285  0.02907354 0.14735383 0.03948642 0.38812867 0.0904277 ],[0.02940186 0.08344801 0.03263195 0.01429831 0.08602358 0.03057722],[0.00491068 0.00443131 0.00376433 0.0053158  0.00581134 0.03106632],[0.01408849 0.01180519 0.00385311 0.00189417 0.01191918 0.00885384]
Urban6,"Results (25 runs, no seed, diff images)",Crop (75),[0.04601206 0.02868648 0.14768358 0.04097877 0.38790235 0.084528  ],[0.02603649 0.08463231 0.03327442 0.01500587 0.08618645 0.02833399],[0.00570045 0.00350841 0.00358893 0.00587209 0.00747126 0.02478723],[0.01232292 0.01070273 0.00362599 0.00246336 0.01150521 0.00918307]
Urban6,"Results (25 runs, no seed, diff images)",Crop (95),[0.04733009 0.03122505 0.14701355 0.04145438 0.39101383 0.08365554],[0.02646588 0.08237953 0.03269133 0.01370638 0.08305893 0.02930585],[0.00851392 0.00347382 0.0044216  0.00471918 0.00701621 0.02575378],[0.01110896 0.00952338 0.00452441 0.00172457 0.01254261 0.00756653]
Urban6,"Results (25 runs, no seed, diff images)",Vertical Flip,[0.03998302 0.04267229 0.14271833 0.0434422  0.45596385 0.12053125],[0.02375322 0.08988418 0.03338167 0.01035948 0.09778438 0.01703298],[0.00353068 0.00746254 0.02617243 0.00632887 0.12424684 0.02937964],[0.00438387 0.01889583 0.01808869 0.00196063 0.01066987 0.00332501]
Urban6,"Results (25 runs, no seed, diff images)",Horizontal Flip,[0.03983201 0.04801175 0.13820575 0.04641017 0.4952343  0.12610985],[0.02317116 0.08368008 0.03645951 0.01044216 0.09713677 0.01687681],[0.00488003 0.0121142  0.03437565 0.00899822 0.15249953 0.03383086],[0.00424495 0.02661112 0.01978607 0.00237793 0.01600074 0.0026657 ]
Urban6,"Results (25 runs, no seed, diff images)",Mix Flip,[0.03877158 0.03834315 0.15570138 0.04514671 0.4128585  0.10586975],[0.02225892 0.10211974 0.02920357 0.01031448 0.10915975 0.01781462],[0.00470825 0.0023723  0.00204384 0.00466602 0.00724499 0.01127671],[0.00218425 0.01839294 0.00902155 0.00219892 0.01775983 0.00553248]
Urban6,"Results (25 runs, no seed, diff images)",Random Flip,[0.03810253 0.04521971 0.14484724 0.0453708  0.4656723  0.12257834],[0.02401055 0.09220604 0.03550336 0.01078364 0.09493115 0.01599532],[0.00363036 0.01011034 0.02913643 0.00780699 0.12634027 0.02750994],[0.00535495 0.02279424 0.01481084 0.00150089 0.01345047 0.00309118]
Urban6,"Results (25 runs, no seed, diff images)",Jitter,[0.03736509 0.03688207 0.1611095  0.04235196 0.42158577 0.12683512],[0.03004127 0.09309322 0.03616364 0.00710139 0.09301343 0.02461358],[0.00306308 0.01273927 0.01891923 0.00885891 0.08358058 0.01705341],[0.00653212 0.01766042 0.01403014 0.00149646 0.01325947 0.00600486]
Urban6,"Results (25 runs, no seed, diff images)",Crop + Blur,[0.03971583 0.03942227 0.10573133 0.04265807 0.430223   0.07886942],[0.02835288 0.09445468 0.03738091 0.0170472  0.09346009 0.02426966],[0.0089293  0.02852096 0.00858165 0.00474536 0.10189981 0.02384075],[0.0063833  0.02872329 0.02226756 0.00284735 0.02227887 0.01285819]
Urban6,"Results (25 runs, no seed, diff images)",Crop + Flip,[0.04353164 0.04412095 0.12399857 0.04603432 0.47624287 0.12243192],[0.0311304  0.09684005 0.04352556 0.01907141 0.10366292 0.02186066],[0.00347276 0.01286363 0.03090089 0.00562935 0.13420896 0.03229797],[0.00601223 0.02541543 0.02376061 0.00495694 0.01947868 0.00497853]
Urban6,"Results (25 runs, no seed, diff images)",Crop + Flip + Blur,[0.03955787 0.04505514 0.0840412  0.04661046 0.49911287 0.11108005],[0.03774242 0.10039699 0.05770787 0.02353836 0.09889457 0.02624374],[0.00534313 0.0155849  0.01784481 0.00404052 0.1498437  0.03611441],[0.00870327 0.02105235 0.03653828 0.00341657 0.02046109 0.00590469]
Urban6,"Results (25 runs, no seed, diff images)",Crop + Jitter,[0.03855821 0.0333854  0.1475557  0.04029957 0.39953196 0.09905862],[0.02987728 0.09165481 0.02916415 0.01449861 0.09669788 0.02736266],[0.00740221 0.01198454 0.00473931 0.00372732 0.01839703 0.02382758],[0.01767874 0.01695733 0.0051147  0.00248303 0.01418122 0.01522502]
Urban6,"Results (25 runs, no seed, diff images)",Crop + Jitter + Blur,[0.03876551 0.05708349 0.10982326 0.04303922 0.48264226 0.08896813],[0.0286946  0.08652959 0.05181474 0.01833588 0.10113771 0.02530422],[0.0085011  0.03926176 0.0098923  0.00346657 0.14987133 0.02745872],[0.01131054 0.02558565 0.04219586 0.00243834 0.02576146 0.01337937]
Urban6,"Results (25 runs, no seed, diff images)",Crop + Jitter + Flip,[0.04285648 0.03890852 0.13066165 0.04869414 0.42806882 0.11150856],[0.03162735 0.10658538 0.03751341 0.01927707 0.10368544 0.02200622],[0.00487581 0.00554763 0.0163778  0.00358524 0.07245217 0.02180949],[0.0066239  0.016052   0.01024325 0.0030514  0.01286667 0.00401308]
Urban6,"Results (25 runs, no seed, diff images)",Jitter + Flip,[0.03933546 0.04643042 0.12964272 0.04865937 0.5249544  0.1326241 ],[0.02513966 0.09048442 0.04891527 0.01163944 0.10162966 0.01872475],[0.00373428 0.0103186  0.03767006 0.00594993 0.1735642  0.03960769],[0.0062856  0.03185067 0.02206557 0.00226573 0.01486754 0.00504456]
Urban6,"Results (25 runs, no seed, diff images)",Jitter + Flip + Blur,[0.03508768 0.03720738 0.09596717 0.05052775 0.41569197 0.09295687],[0.03233846 0.10893569 0.03885343 0.01931741 0.09455971 0.02251326],[0.00314688 0.00318257 0.00566803 0.0052687  0.01319008 0.01785695],[0.00829466 0.00943189 0.00593951 0.00206949 0.01433146 0.00547559]
Urban6,"Results (25 runs, no seed, same images)","Blur (sigma = [0.1, 1.0])",[0.04678461 0.03627632 0.11301215 0.0446454  0.4009273  0.07810796],[0.02545069 0.08398823 0.02678822 0.01512608 0.07656282 0.02474329],[0.00773708 0.00961253 0.00572914 0.00548596 0.02056545 0.02355955],[0.00346912 0.01696097 0.00416428 0.00145934 0.0142113  0.00971531]
Urban6,"Results (25 runs, no seed, same images)","Blur (sigma = [0.1, 2.0])",[0.03879748 0.03555213 0.10352146 0.04860602 0.41757488 0.08168118],[0.02730724 0.08704072 0.0321823  0.0173157  0.08374023 0.02281776],[0.00845234 0.01429711 0.00879208 0.00549685 0.07014551 0.03066733],[0.00888928 0.01913323 0.01339004 0.00335299 0.01662177 0.01441874]
Urban6,"Results (25 runs, no seed, same images)",Crop (50),[0.04001133 0.0284044  0.14806391 0.03999529 0.38763404 0.10638523],[0.03416257 0.08535659 0.02614289 0.01439362 0.09065557 0.03132579],[0.00622955 0.00345139 0.00386265 0.00426659 0.01089216 0.02887004],[0.01351298 0.01141116 0.00379458 0.00239702 0.01285286 0.01056517]
Urban6,"Results (25 runs, no seed, same images)",Crop (75),[0.03794127 0.03572245 0.14084432 0.03950223 0.4277709  0.11040475],[0.03146533 0.07801908 0.03320213 0.01467715 0.09479123 0.02764841],[0.00548394 0.02341469 0.02142378 0.00448257 0.10700713 0.0279229 ],[0.01110296 0.01456522 0.02313649 0.00263237 0.01673516 0.0091206 ]
Urban6,"Results (25 runs, no seed, same images)",Crop (95),[0.04829089 0.03018191 0.14114085 0.04336396 0.38034305 0.10603867],[0.0377664  0.0747517  0.02487764 0.01435119 0.08025278 0.03791625],[0.00716633 0.00308418 0.0049041  0.00718996 0.00923651 0.03569185],[0.01595409 0.0110144  0.00305762 0.00279663 0.01266378 0.01101449]
Urban6,"Results (25 runs, no seed, same images)",Vertical Flip,[0.03752743 0.04464678 0.14809674 0.04538567 0.45148587 0.1228374 ],[0.0254225  0.0932344  0.03261817 0.01197937 0.09240546 0.01638635],[0.00244229 0.00794087 0.02149164 0.00542785 0.10596147 0.02367975],[0.00396036 0.0185721  0.01545417 0.00261745 0.0139831  0.00274428]
Urban6,"Results (25 runs, no seed, same images)",Horizontal Flip,[0.03789306 0.04208677 0.15150863 0.04496036 0.42051256 0.12126106],[0.02509446 0.10207915 0.0294384  0.01050644 0.09593176 0.01598106],[0.00233989 0.00446406 0.00494482 0.00639398 0.00929257 0.00975403],[0.0035882  0.01221684 0.00859273 0.00206263 0.01134052 0.00178251]
Urban6,"Results (25 runs, no seed, same images)",Mix Flip,[0.03833094 0.04405953 0.1481082  0.04761752 0.43737057 0.12230484],[0.02397616 0.10235652 0.0318318  0.01046446 0.09789586 0.01574892],[0.00247468 0.00575549 0.01608256 0.00637225 0.07578923 0.01803321],[0.00298336 0.01910779 0.01196217 0.00159612 0.01520758 0.00215557]
Urban6,"Results (25 runs, no seed, same images)",Random Flip,[0.03801985 0.04313535 0.15045154 0.04578938 0.4377661  0.12317225],[0.02523168 0.09828531 0.03082258 0.01118198 0.09876963 0.01668579],[0.0029213  0.00510509 0.01696347 0.00730478 0.07718846 0.02034329],[0.00516999 0.01946366 0.01076025 0.00184579 0.01684576 0.00372705]
Urban6,"Results (25 runs, no seed, same images)",Jitter,[0.03903071 0.04210637 0.1499409  0.03989632 0.4696718  0.11420615],[0.0242869  0.08439625 0.0364554  0.00817924 0.09216826 0.02113202],[0.00466607 0.01991195 0.0345695  0.00627924 0.15155756 0.02802124],[0.00623308 0.02344606 0.01786104 0.00129577 0.01233969 0.0083984 ]
Urban6,"Results (25 runs, no seed, same images)",Crop + Blur,[0.0413496  0.03600677 0.10291262 0.04249027 0.42204064 0.0772282 ],[0.03162681 0.08690371 0.04079709 0.01834561 0.08428709 0.02883348],[0.00819493 0.02506638 0.00614342 0.00459771 0.10024123 0.03331481],[0.01466933 0.01522877 0.0330358  0.00282363 0.02695966 0.01211474]
Urban6,"Results (25 runs, no seed, same images)",Crop + Flip,[0.0445206  0.05480624 0.08866812 0.04850777 0.6385075  0.16048759],[0.03514998 0.07105852 0.06611826 0.02011888 0.10248275 0.02366969],[0.00391825 0.01254982 0.03684704 0.004895   0.18353945 0.0379792 ],[0.00892295 0.03128085 0.03012744 0.00304962 0.01692463 0.00619877]
Urban6,"Results (25 runs, no seed, same images)",Crop + Flip + Blur,[0.03866592 0.05189359 0.07342237 0.04996413 0.5763176  0.13039204],[0.04039102 0.08989856 0.07323925 0.02315133 0.10752106 0.02529838],[0.00317665 0.0172469  0.01839333 0.00549699 0.17311513 0.04237188],[0.01133017 0.02462045 0.03915413 0.00383494 0.02777182 0.0053502 ]
Urban6,"Results (25 runs, no seed, same images)",Crop + Jitter,[0.03796447 0.03085477 0.14848547 0.03818756 0.39487335 0.10580612],[0.03096739 0.09398384 0.03104974 0.01445378 0.09803043 0.02811017],[0.00503475 0.00969054 0.0060634  0.00449951 0.01172839 0.02404562],[0.01118466 0.01618039 0.00657446 0.00219954 0.01305612 0.00965795]
Urban6,"Results (25 runs, no seed, same images)",Crop + Jitter + Blur,[0.04152501 0.0360075  0.10778932 0.04146269 0.40429124 0.08024892],[0.02932069 0.0920677  0.03102984 0.01818365 0.08745879 0.02609467],[0.00692017 0.02691211 0.00585756 0.00405166 0.04301693 0.03212286],[0.01160151 0.01501117 0.00538604 0.00266456 0.01428183 0.01006127]
Urban6,"Results (25 runs, no seed, same images)",Crop + Jitter + Flip,[0.0460922  0.05019607 0.10103246 0.04671204 0.5733908  0.13660425],[0.03256153 0.08079908 0.05928392 0.01912662 0.10314159 0.02464008],[0.00549821 0.01516635 0.0386614  0.00607411 0.18826635 0.0451877 ],[0.00850391 0.02799207 0.03064064 0.00363699 0.01615484 0.00738419]
Urban6,"Results (25 runs, no seed, same images)",Jitter + Flip,[0.04252699 0.06092411 0.10260306 0.04702275 0.6651243  0.16646744],[0.02749175 0.0681558  0.05922902 0.01192037 0.09026978 0.02057262],[0.00499932 0.01452988 0.03889818 0.00682631 0.18418084 0.03843672],[0.00386559 0.04054645 0.01908579 0.00223554 0.01568173 0.00456455]
Urban6,"Results (25 runs, no seed, same images)",Jitter + Flip + Blur,[0.03778079 0.0494936  0.08017558 0.05053052 0.53964686 0.12516333],[0.03468243 0.09187051 0.05725701 0.01866008 0.10323562 0.02470463],[0.00196429 0.01458168 0.0207253  0.00515235 0.16711389 0.04319753],[0.0098896  0.02276593 0.03609978 0.00293647 0.0197821  0.00656777]
Urban6,"Results (25 runs, seed, same images)","Blur (sigma = [0.1, 1.0])",[0.03967573 0.0976981  0.08713967 0.04467734 0.7089412  0.1319066 ],[0.02368862 0.07201955 0.09609461 0.01387022 0.11684776 0.01697349],[0.00338591 0.0241903  0.02907099 0.00477422 0.14140096 0.02147296],[0.0037485  0.02561573 0.03357289 0.00222304 0.02004701 0.0042896 ]
Urban6,"Results (25 runs, seed, same images)","Blur (sigma = [0.1, 2.0])",[0.03507843 0.0831122  0.08699498 0.04946034 0.66998756 0.12383094],[0.02302223 0.07065628 0.08687384 0.015956   0.10770507 0.01535057],[0.00126181 0.02803143 0.02148295 0.00484268 0.14732064 0.02965431],[0.00291058 0.02798031 0.03096145 0.00316241 0.01967051 0.00307158]
Urban6,"Results (25 runs, seed, same images)",Crop (50),[0.04039417 0.03484166 0.14550178 0.04150951 0.41714653 0.08517006],[0.02333262 0.08556299 0.0338886  0.01555168 0.09470627 0.02285468],[0.00611396 0.01827619 0.00619479 0.00637838 0.07766028 0.01346596],[0.00282984 0.01090167 0.01912676 0.00229142 0.01479304 0.00649092]
Urban6,"Results (25 runs, seed, same images)",Crop (75),[0.04191281 0.03495432 0.14516337 0.04186158 0.41666716 0.09059214],[0.025878   0.08408657 0.0327931  0.01464839 0.09401808 0.02510398],[0.0059207  0.01910909 0.01524797 0.00479551 0.07789671 0.02426466],[0.00940678 0.01406842 0.01542875 0.00175382 0.01318104 0.00965006]
Urban6,"Results (25 runs, seed, same images)",Crop (95),[0.03850602 0.04354242 0.14091237 0.04036223 0.4477842  0.08922353],[0.02257511 0.09208794 0.04264996 0.01358471 0.09373689 0.02153557],[0.00465195 0.03100858 0.01955629 0.00594988 0.13035841 0.01766769],[0.00273555 0.01916914 0.02507449 0.00199242 0.01501077 0.00439776]
Urban6,"Results (25 runs, seed, same images)",Vertical Flip,[0.0454871  0.06395765 0.07468502 0.04834129 0.78689444 0.19521433],[0.03003568 0.04624233 0.08063456 0.01267319 0.09965454 0.02153064],[0.00311292 0.00702106 0.01572378 0.0064263  0.07588891 0.01854203],[0.00412214 0.01593531 0.01400213 0.00193517 0.01188691 0.00318881]
Urban6,"Results (25 runs, seed, same images)",Horizontal Flip,[0.04600615 0.06298124 0.08081641 0.04860194 0.7576076  0.18861783],[0.02857487 0.04710247 0.07159867 0.01163216 0.09589592 0.02056959],[0.00472822 0.00870815 0.02683196 0.00578001 0.12559083 0.02694935],[0.00592224 0.01870912 0.02155406 0.00239124 0.01423135 0.00427409]
Urban6,"Results (25 runs, seed, same images)",Mix Flip,[0.04482896 0.06307261 0.08132938 0.04705586 0.7567545  0.19047217],[0.02854923 0.05174466 0.0721265  0.01284698 0.09490979 0.02226031],[0.00484018 0.00893336 0.02788737 0.00659249 0.12343962 0.02967507],[0.00516871 0.01822588 0.0203936  0.00284587 0.01343207 0.00597989]
Urban6,"Results (25 runs, seed, same images)",Random Flip,[0.0444683  0.0620565  0.09053252 0.04549699 0.7251772  0.1811865 ],[0.02748224 0.05360157 0.06636348 0.01253596 0.09587205 0.02031238],[0.00376136 0.01110977 0.03199075 0.00559615 0.15793039 0.03611415],[0.00456722 0.02453431 0.02246494 0.00215895 0.01117694 0.00380172]
Urban6,"Results (25 runs, seed, same images)",Jitter,[0.04180545 0.06631495 0.10073265 0.04335807 0.6619258  0.14355364],[0.021494   0.05728273 0.06592866 0.00889628 0.10038736 0.01695075],[0.00460173 0.026779   0.04524888 0.00580891 0.1937983  0.03682894],[0.00276577 0.02459053 0.03110123 0.00223657 0.01128142 0.00495727]
Urban6,"Results (25 runs, seed, same images)",Crop + Blur,[0.04224958 0.03746878 0.113576   0.04159909 0.41563243 0.08097883],[0.02648737 0.09249561 0.03302906 0.01877356 0.09131593 0.02318143],[0.00682603 0.02028097 0.0058915  0.00308139 0.04372962 0.01616414],[0.00209187 0.01683248 0.00363034 0.00233214 0.01830436 0.00752631]
Urban6,"Results (25 runs, seed, same images)",Crop + Flip,[0.04601947 0.05007364 0.09924137 0.04814751 0.5746729  0.15314454],[0.03608391 0.08211236 0.05918313 0.01871353 0.09561979 0.02580607],[0.00561786 0.01308434 0.03704898 0.00494687 0.18717274 0.04472401],[0.01001528 0.0277226  0.02474737 0.00280119 0.01396871 0.00784711]
Urban6,"Results (25 runs, seed, same images)",Crop + Flip + Blur,[0.0416078  0.05619257 0.07100946 0.04776471 0.5847731  0.13363668],[0.03924007 0.08355375 0.07352678 0.0231344  0.10746649 0.02857949],[0.002298   0.01939368 0.01941258 0.00536481 0.17142065 0.04862264],[0.00783679 0.02038603 0.03922087 0.00351558 0.02190545 0.00555922]
Urban6,"Results (25 runs, seed, same images)",Crop + Jitter,[0.03803907 0.03256567 0.14687769 0.04078233 0.403411   0.08992433],[0.02414959 0.09003994 0.03060506 0.01579959 0.09470925 0.02226043],[0.00576002 0.01000615 0.00515516 0.0050223  0.014546   0.01169964],[0.00225521 0.01437647 0.00417556 0.00225089 0.0149626  0.00452455]
Urban6,"Results (25 runs, seed, same images)",Crop + Jitter + Blur,[0.0422444  0.04032917 0.10790702 0.04518288 0.43318352 0.07845973],[0.02719988 0.09419268 0.04257951 0.01936755 0.0912384  0.02410869],[0.00889182 0.02762227 0.00762457 0.00351476 0.10176387 0.02185463],[0.00270707 0.01967719 0.02969766 0.00234082 0.02243765 0.00664463]
Urban6,"Results (25 runs, seed, same images)",Crop + Jitter + Flip,[0.04482249 0.04855326 0.10162054 0.04567163 0.57959306 0.14157577],[0.0338053  0.08579716 0.06190653 0.01914738 0.09817548 0.02563435],[0.00426627 0.01438585 0.03864381 0.00426829 0.18500566 0.04849628],[0.00712092 0.02523167 0.02797971 0.00231422 0.01242908 0.00647251]
Urban6,"Results (25 runs, seed, same images)",Jitter + Flip,[0.04192892 0.05240089 0.11322179 0.04745043 0.59721136 0.1517412 ],[0.02901186 0.08310444 0.06233747 0.01210652 0.09762131 0.02150604],[0.00356594 0.01160266 0.04050787 0.00785921 0.19412681 0.0467916 ],[0.00944087 0.0309336  0.02334154 0.0024589  0.01098815 0.00637448]
Urban6,"Results (25 runs, seed, same images)",Jitter + Flip + Blur,[0.03601104 0.06305496 0.06329772 0.05181762 0.66865873 0.14965649],[0.03643384 0.07614881 0.08940958 0.01931298 0.1119743  0.02818951],[0.00164583 0.01570436 0.01816607 0.00572186 0.14357892 0.03645434],[0.00784875 0.02744777 0.02837295 0.00242354 0.01865532 0.00697317]
Cuprite_fixed,"Results (25 runs, no seed, diff images)","Blur (sigma = [0.1, 1.0])","[0.2873317  0.08579592 0.1309946  0.09691079 0.10356392 0.05110896 0.1668734 0.06780384 0.08179852 0.05401448 0.09160306 0.12098078]",,"[0.0334531  0.00209545 0.01057412 0.00458296 0.00869579 0.00087834 0.02242342 0.00635261 0.00478177 0.00386204 0.01503769 0.02108647]",
Cuprite_fixed,"Results (25 runs, no seed, diff images)","Blur (sigma = [0.1, 2.0])","[0.300171   0.08523107 0.13880427 0.09601175 0.10484932 0.05087879 0.17326671 0.06671677 0.08383766 0.05433704 0.08678576 0.1161613 ]",,"[0.02812353 0.00197313 0.00930852 0.0040383  0.01065862 0.00067175 0.02001506 0.00655037 0.00522343 0.00437295 0.01832253 0.01488672]",
Cuprite_fixed,"Results (25 runs, no seed, diff images)",Crop (50),"[0.31186715 0.08807926 0.14855087 0.08308937 0.10512093 0.05799199 0.16015175 0.07640802 0.08932263 0.05168185 0.0775621  0.12878133]",,"[0.02364357 0.00255744 0.01221372 0.00233876 0.01474577 0.00193089 0.02449651 0.01211805 0.00488855 0.00430069 0.01547977 0.02220361]",
Cuprite_fixed,"Results (25 runs, no seed, diff images)",Crop (75),"[0.3005251  0.08871014 0.14575592 0.08283649 0.10393463 0.058581 0.15481359 0.07962614 0.09008388 0.05279544 0.07408138 0.13396932]",,"[0.03128495 0.00202362 0.01362016 0.00356163 0.01225428 0.00331525 0.02371665 0.01207825 0.00513964 0.00466501 0.01713399 0.02604415]",
Cuprite_fixed,"Results (25 runs, no seed, diff images)",Crop (95),"[0.30632225 0.08826894 0.14333811 0.08329418 0.09876826 0.05896731 0.16472864 0.07232518 0.09015489 0.05226037 0.07623284 0.13580549]",,"[0.03629251 0.00211825 0.00873863 0.00249359 0.01446347 0.00239161 0.02271162 0.01119501 0.00580916 0.00447437 0.01486084 0.02043808]",
Cuprite_fixed,"Results (25 runs, no seed, diff images)",Vertical Flip,"[0.32680038 0.08402832 0.1459212  0.08376386 0.10396007 0.06711242 0.19388033 0.08167721 0.10969307 0.06529137 0.10108345 0.12354092]",,"[0.04093482 0.00588699 0.0187133  0.00465852 0.01650152 0.00597502 0.03189477 0.01642777 0.01307108 0.00455534 0.01755627 0.02728854]",
Cuprite_fixed,"Results (25 runs, no seed, diff images)",Horizontal Flip,"[0.3103626  0.0835438  0.15271646 0.08216091 0.09934765 0.06933394 0.19446366 0.08237679 0.10960753 0.06566124 0.09532323 0.12721571]",,"[0.06722761 0.00503709 0.03204596 0.00465728 0.01441456 0.00702206 0.02449685 0.02038065 0.00853772 0.00698615 0.01660341 0.02525418]",
Cuprite_fixed,"Results (25 runs, no seed, diff images)",Mix Flip,"[0.3181989  0.08283544 0.14903237 0.08550555 0.10540103 0.07081377 0.19513014 0.09126619 0.10478063 0.0644457  0.09718063 0.12447128]",,"[0.03982281 0.00500382 0.01942622 0.00647678 0.01303838 0.00752588 0.018941   0.02286403 0.01063027 0.00624068 0.01658894 0.02736746]",
Cuprite_fixed,"Results (25 runs, no seed, diff images)",Random Flip,"[0.31970468 0.08292467 0.15762657 0.08223354 0.10455948 0.06904235 0.2005361  0.08506428 0.10666919 0.06247333 0.10281216 0.1359007 ]",,"[0.06548488 0.00604936 0.02126923 0.00482152 0.014585   0.00783793 0.02773342 0.02104545 0.01233386 0.00707171 0.01777103 0.03479758]",
Cuprite_fixed,"Results (25 runs, no seed, diff images)",Jitter,"[0.2872547  0.08410189 0.15363695 0.08824409 0.10898194 0.05339231 0.18614537 0.06996042 0.0855204  0.05260662 0.07787459 0.11889963]",,"[0.07004917 0.00792315 0.01940199 0.00446857 0.01531733 0.00358067 0.02599252 0.01158257 0.00846015 0.00234854 0.01213879 0.02950311]",
Cuprite_fixed,"Results (25 runs, no seed, diff images)",Crop + Blur,"[0.29255298 0.0827495  0.12893063 0.09499049 0.10650626 0.051103 0.17205055 0.06762611 0.08841275 0.05311139 0.09577758 0.11705909]",,"[0.03017878 0.00201771 0.00892399 0.00395764 0.01521759 0.00074261 0.01412628 0.00644823 0.00470461 0.00283766 0.01396481 0.01598116]",
Cuprite_fixed,"Results (25 runs, no seed, diff images)",Crop + Flip,"[0.31074497 0.07902984 0.14838547 0.08343272 0.10365436 0.06325715 0.19205633 0.06114825 0.10429982 0.06350099 0.10991585 0.14059263]",,"[0.02195867 0.00295541 0.01685899 0.00306625 0.01337226 0.00359924 0.01106779 0.00852174 0.00606229 0.00587874 0.01546827 0.02875134]",
Cuprite_fixed,"Results (25 runs, no seed, diff images)",Crop + Flip + Blur,"[0.27663153 0.07530258 0.13534698 0.09164362 0.10894696 0.05409033 0.17050874 0.06594794 0.10035358 0.07687926 0.13533998 0.1451577 ]",,"[0.0210761  0.00313201 0.01031935 0.00358441 0.01135584 0.0016034 0.01764695 0.00816131 0.00312828 0.00639545 0.01234587 0.02408898]",
Cuprite_fixed,"Results (25 runs, no seed, diff images)",Crop + Jitter,"[0.3151531  0.09013679 0.14777002 0.08293757 0.1037349  0.05668082 0.17366974 0.08343421 0.08586244 0.05160515 0.08164082 0.12417312]",,"[0.02427854 0.00174706 0.01368137 0.00254856 0.01343197 0.00253082 0.0207387  0.01094359 0.00684515 0.00281461 0.01192096 0.02997139]",
Cuprite_fixed,"Results (25 runs, no seed, diff images)",Crop + Jitter + Blur,"[0.2995923  0.08154791 0.12712301 0.09343876 0.10306874 0.05156459 0.1686961  0.06952732 0.0820419  0.05258545 0.1025954  0.1206009 ]",,"[0.02444628 0.00155886 0.00862159 0.00281608 0.0083294  0.00078608 0.01578994 0.00682967 0.00527587 0.00314195 0.00818846 0.01793699]",
Cuprite_fixed,"Results (25 runs, no seed, diff images)",Crop + Jitter + Flip,"[0.2796384  0.07352392 0.14469096 0.08415465 0.10891525 0.06293949 0.19539061 0.06577789 0.09903695 0.06579008 0.12130893 0.13779981]",,"[0.02892086 0.00264579 0.01332184 0.00311825 0.01266277 0.00254121 0.00946658 0.0133353  0.00590839 0.00579577 0.01001878 0.02375855]",
Cuprite_fixed,"Results (25 runs, no seed, diff images)",Jitter + Flip,"[0.3020998  0.07931318 0.14469379 0.08367205 0.10909268 0.0678408 0.19953762 0.07483703 0.10301451 0.06232457 0.10961039 0.12632346]",,"[0.05582644 0.00493248 0.02262896 0.00646121 0.01096194 0.00495711 0.01482027 0.02003198 0.00614752 0.00535489 0.00874124 0.03486015]",
Cuprite_fixed,"Results (25 runs, no seed, diff images)",Jitter + Flip + Blur,"[0.2633579  0.06988695 0.13284993 0.09141452 0.10887209 0.05382882 0.17223406 0.06605317 0.09105431 0.08121075 0.13361426 0.13984336]",,"[0.02021838 0.00184008 0.01154253 0.00403473 0.00460936 0.00147539 0.0193628  0.01097338 0.00418449 0.00374361 0.00512455 0.02948662]",
Cuprite_fixed,"Results (25 runs, no seed, same images)","Blur (sigma = [0.1, 1.0])","[0.29986063 0.08545773 0.13099839 0.09434156 0.09988371 0.05129409 0.171863   0.06368679 0.08039542 0.05313047 0.09539059 0.11696543]",,"[0.02499956 0.00261538 0.01140508 0.00523562 0.0069261  0.00082232 0.01888608 0.00541685 0.00649494 0.00329932 0.00961569 0.00940601]",
Cuprite_fixed,"Results (25 runs, no seed, same images)","Blur (sigma = [0.1, 2.0])","[0.2992906  0.08550045 0.12842967 0.09373443 0.1005982  0.05111696 0.17277901 0.06967333 0.07949132 0.05349873 0.09436022 0.11818884]",,"[0.02847723 0.00250602 0.01083417 0.00521242 0.00688711 0.00095347 0.02101925 0.00768032 0.00400569 0.00476031 0.01433905 0.01270201]",
Cuprite_fixed,"Results (25 runs, no seed, same images)",Crop (50),"[0.30506378 0.08709716 0.14837918 0.08789327 0.10257073 0.05500387 0.17143732 0.07372513 0.08868755 0.05232575 0.08242176 0.11671641]",,"[0.03034785 0.00195272 0.01164209 0.00555377 0.01528084 0.00312137 0.0313438  0.01430471 0.00711953 0.00324197 0.01475856 0.02255354]",
Cuprite_fixed,"Results (25 runs, no seed, same images)",Crop (75),"[0.31206125 0.08684918 0.14569403 0.08752197 0.10160153 0.05428304 0.17209898 0.07511803 0.08978564 0.05355245 0.07651906 0.11627288]",,"[0.02007119 0.00378168 0.01191975 0.00550253 0.01513111 0.00207733 0.02574543 0.0119355  0.00608007 0.00419481 0.01506856 0.01919605]",
Cuprite_fixed,"Results (25 runs, no seed, same images)",Crop (95),"[0.30954543 0.0875329  0.14714259 0.08647285 0.10273331 0.05455747 0.16201307 0.07643007 0.08670014 0.05237343 0.07740214 0.11925118]",,"[0.03352142 0.00241657 0.01405717 0.00470437 0.01564116 0.00238193 0.02351693 0.01176678 0.00921017 0.00474792 0.0163228  0.01950077]",
Cuprite_fixed,"Results (25 runs, no seed, same images)",Vertical Flip,"[0.32249466 0.08353546 0.15071653 0.08288582 0.11626203 0.07084281 0.18955566 0.08791336 0.10497233 0.06357069 0.09954809 0.120371  ]",,"[0.05033149 0.00463458 0.02411238 0.00495977 0.01581597 0.0100283 0.01985735 0.02757937 0.0112147  0.00636178 0.01722465 0.0201921 ]",
Cuprite_fixed,"Results (25 runs, no seed, same images)",Horizontal Flip,"[0.31380016 0.08607534 0.14598429 0.08576685 0.10896863 0.06277873 0.21124709 0.07575751 0.11487067 0.06427332 0.09913025 0.1436777 ]",,"[0.07180408 0.00436813 0.02362708 0.00410945 0.01480444 0.00926959 0.02080716 0.01752345 0.00932153 0.00620737 0.01604692 0.04084531]",
Cuprite_fixed,"Results (25 runs, no seed, same images)",Mix Flip,"[0.3405557  0.08619996 0.14794539 0.08490773 0.11535095 0.06118671 0.19357094 0.08056168 0.10436403 0.06269415 0.10403169 0.12087341]",,"[0.03355682 0.00502209 0.022491   0.00502206 0.01713294 0.00417601 0.02961573 0.0165409  0.01300973 0.00513512 0.02019591 0.02109919]",
Cuprite_fixed,"Results (25 runs, no seed, same images)",Random Flip,"[0.31949887 0.08383072 0.15088527 0.08185361 0.10547641 0.07376025 0.19335766 0.08748744 0.10858678 0.06526361 0.09758861 0.12259998]",,"[0.04260634 0.00420524 0.02008401 0.00415557 0.01300581 0.01253656 0.02407415 0.02054174 0.01340555 0.00540239 0.0189642  0.02572809]",
Cuprite_fixed,"Results (25 runs, no seed, same images)",Jitter,"[0.32299462 0.08469762 0.14835435 0.08735774 0.11354914 0.05476727 0.18999285 0.07584503 0.08241142 0.05054648 0.07383157 0.11101467]",,"[0.0389611  0.00696665 0.01918867 0.00510597 0.01274978 0.00387315 0.02722659 0.0095007  0.00748439 0.00272026 0.01236711 0.02589575]",
Cuprite_fixed,"Results (25 runs, no seed, same images)",Crop + Blur,"[0.3002945  0.08319976 0.13306187 0.09333858 0.10599323 0.05178475 0.17314674 0.06636237 0.0828226  0.05295821 0.09614936 0.11793854]",,"[0.02873796 0.00250452 0.01230253 0.00291834 0.00944092 0.00079875 0.01628102 0.00826891 0.0073057  0.00310277 0.01038641 0.01049745]",
Cuprite_fixed,"Results (25 runs, no seed, same images)",Crop + Flip,"[0.29156476 0.07972904 0.1481974  0.08751406 0.10197036 0.06173797 0.18672788 0.08328232 0.10676899 0.067778   0.11562148 0.12235522]",,"[0.03639971 0.00322953 0.01999179 0.00653346 0.01278581 0.00335668 0.02989758 0.01496284 0.01011952 0.0063496  0.01832321 0.02147351]",
Cuprite_fixed,"Results (25 runs, no seed, same images)",Crop + Flip + Blur,"[0.28080696 0.07545863 0.12688519 0.09362403 0.1084967  0.05459495 0.18121763 0.05674719 0.09705582 0.07564751 0.13562334 0.13505095]",,"[0.0253381  0.00468877 0.00873897 0.00400796 0.00664686 0.00135306 0.01028034 0.00459335 0.00493429 0.00659363 0.00789332 0.013239  ]",
Cuprite_fixed,"Results (25 runs, no seed, same images)",Crop + Jitter,"[0.29612827 0.08365833 0.1325256  0.09029996 0.10589807 0.05232377 0.1675631  0.07317817 0.08358633 0.05151596 0.09359121 0.11364907]",,"[0.03140768 0.00349389 0.00694305 0.00605166 0.01182939 0.00157507 0.02232868 0.00769217 0.0053935  0.00379064 0.01142084 0.01855589]",
Cuprite_fixed,"Results (25 runs, no seed, same images)",Crop + Jitter + Blur,"[0.29157698 0.08167501 0.12813883 0.09455325 0.10257071 0.05162177 0.16828714 0.0608171  0.08165438 0.05716825 0.10829747 0.12790178]",,"[0.02552346 0.00217303 0.00836309 0.00363634 0.00827158 0.00076199 0.01172577 0.00651772 0.00398983 0.00467786 0.00759953 0.01411147]",
Cuprite_fixed,"Results (25 runs, no seed, same images)",Crop + Jitter + Flip,"[0.2807876  0.07776718 0.1431951  0.08859134 0.10240329 0.06128052 0.18424198 0.08119792 0.09618538 0.0701479  0.12490986 0.11757112]",,"[0.03136698 0.00417441 0.01479306 0.00482477 0.01176844 0.00299588 0.02136414 0.01353839 0.00502363 0.0064101  0.0157892  0.02702373]",
Cuprite_fixed,"Results (25 runs, no seed, same images)",Jitter + Flip,"[0.28832713 0.07703036 0.14444202 0.08324027 0.10617876 0.06693099 0.18656692 0.07952651 0.09669591 0.06442256 0.11663432 0.12297118]",,"[0.04681047 0.00505926 0.01552042 0.00335852 0.01082662 0.00661351 0.02420081 0.01763875 0.00845025 0.00697663 0.00989958 0.02192039]",
Cuprite_fixed,"Results (25 runs, no seed, same images)",Jitter + Flip + Blur,"[0.27273533 0.07136026 0.12420502 0.0928183  0.1067647  0.05473412 0.1806638  0.06032129 0.09109315 0.07847725 0.13312376 0.13365413]",,"[0.02426684 0.00268162 0.01015143 0.00342485 0.00559698 0.00188996 0.01489356 0.00573757 0.00608252 0.00622113 0.01093304 0.01501362]",
Cuprite_fixed,"Results (25 runs, seed, same images)","Blur (sigma = [0.1, 1.0])","[0.30832893 0.0864138  0.13136284 0.09586743 0.10565598 0.05181259 0.18152502 0.06562766 0.083661   0.05235837 0.0970043  0.12079876]",,"[0.01827604 0.00252643 0.00973747 0.00326226 0.01074464 0.001165 0.01646746 0.00631778 0.00637241 0.00277201 0.00539793 0.01766872]",
Cuprite_fixed,"Results (25 runs, seed, same images)","Blur (sigma = [0.1, 2.0])","[0.3016186  0.08462617 0.1288926  0.09590687 0.10109652 0.05086667 0.18609872 0.06509065 0.08193213 0.05440379 0.0960888  0.12227687]",,"[0.01990184 0.0017865  0.00728624 0.00246082 0.01046136 0.00104132 0.01776964 0.00554373 0.00612283 0.00216088 0.00642375 0.01819775]",
Cuprite_fixed,"Results (25 runs, seed, same images)",Crop (50),"[0.3016329  0.08472566 0.15023345 0.08952417 0.08941847 0.05312204 0.19004601 0.06869003 0.09673394 0.05411012 0.09094442 0.1237154 ]",,"[0.0279767  0.00320316 0.01817147 0.00365325 0.01033904 0.00234349 0.02723127 0.00724692 0.00859765 0.00384121 0.01054916 0.02371581]",
Cuprite_fixed,"Results (25 runs, seed, same images)",Crop (75),"[0.31314483 0.08439425 0.14902249 0.0883031  0.09181073 0.05371661 0.19218369 0.07308933 0.09324875 0.05447187 0.0892231  0.12237446]",,"[0.01735504 0.00377527 0.01895016 0.00257654 0.01188094 0.00193821 0.02353078 0.00645115 0.00926015 0.00334783 0.00919858 0.01811152]",
Cuprite_fixed,"Results (25 runs, seed, same images)",Crop (95),"[0.30387226 0.08478229 0.15079616 0.08991527 0.0890252  0.05344165 0.1880007  0.07230579 0.09492121 0.05482742 0.09298959 0.12310494]",,"[0.03115021 0.00299598 0.01923921 0.00370234 0.01135112 0.00246712 0.02913921 0.00860252 0.0097578  0.00355708 0.00718694 0.01847897]",
Cuprite_fixed,"Results (25 runs, seed, same images)",Vertical Flip,"[0.2979417  0.08713222 0.13922465 0.08638242 0.12713851 0.05612046 0.19463581 0.0687269  0.10528903 0.07059627 0.10123992 0.13289161]",,"[0.07352953 0.00596997 0.01659365 0.00584653 0.01472842 0.00390556 0.02802551 0.00580409 0.01056683 0.00384862 0.02191695 0.02220723]",
Cuprite_fixed,"Results (25 runs, seed, same images)",Horizontal Flip,"[0.27068624 0.08646761 0.144125   0.08660623 0.12372937 0.05462919 0.19301863 0.07070955 0.10682294 0.07083321 0.09906442 0.12342378]",,"[0.09359202 0.0049698  0.01905877 0.005341   0.0113297  0.00196014 0.02742672 0.01065929 0.0112415  0.00499578 0.02410875 0.02153531]",
Cuprite_fixed,"Results (25 runs, seed, same images)",Mix Flip,"[0.22871223 0.08609229 0.14226955 0.08666126 0.12259851 0.05451204 0.1903012  0.06733422 0.10782459 0.07032625 0.09764596 0.14038725]",,"[0.08773644 0.00739202 0.01708085 0.00439138 0.0176166  0.00217385 0.03444945 0.00662698 0.01288192 0.00370767 0.02500953 0.03121042]",
Cuprite_fixed,"Results (25 runs, seed, same images)",Random Flip,"[0.2864518  0.08590782 0.1381683  0.08457135 0.12483153 0.05474039 0.20007467 0.06516251 0.10745862 0.06948607 0.09642503 0.12605837]",,"[0.08923743 0.00618759 0.0150229  0.00439591 0.01335298 0.00172779 0.02536827 0.00463184 0.01218446 0.00488722 0.02123927 0.02068598]",
Cuprite_fixed,"Results (25 runs, seed, same images)",Jitter,"[0.31826028 0.0901105  0.1392974  0.08330082 0.11491976 0.06252465 0.18395698 0.06829739 0.08181524 0.05372516 0.08734835 0.11579594]",,"[0.02521875 0.00742078 0.01446999 0.00289796 0.01273844 0.00569404 0.02342953 0.01033716 0.00705204 0.00194616 0.007094   0.01231727]",
Cuprite_fixed,"Results (25 runs, seed, same images)",Crop + Blur,"[0.29691756 0.08184223 0.13525681 0.09309693 0.10318004 0.05301228 0.16381331 0.07345627 0.08521531 0.05392471 0.09663126 0.1128412 ]",,"[0.02938723 0.00167011 0.01328268 0.00481359 0.0120714  0.00163662 0.02443392 0.00833631 0.00403822 0.00293376 0.0088746  0.01203086]",
Cuprite_fixed,"Results (25 runs, seed, same images)",Crop + Flip,"[0.28356522 0.08118197 0.14008108 0.08695439 0.09857354 0.0648777 0.17621014 0.09033367 0.10508408 0.06987382 0.12419561 0.11065813]",,"[0.03321285 0.00372225 0.01112976 0.004286   0.00847328 0.00287842 0.01838173 0.0150268  0.00719143 0.0045223  0.01232543 0.03397547]",
Cuprite_fixed,"Results (25 runs, seed, same images)",Crop + Flip + Blur,"[0.27781722 0.07337265 0.12791426 0.08935544 0.11320111 0.0551851 0.17893894 0.06017212 0.09621368 0.0695706  0.12705716 0.14481583]",,"[0.02770775 0.00154641 0.00679822 0.00306075 0.00978953 0.00151155 0.01462265 0.00720352 0.00458133 0.00569286 0.00705714 0.01765002]",
Cuprite_fixed,"Results (25 runs, seed, same images)",Crop + Jitter,"[0.2917487  0.08806831 0.13823488 0.08519475 0.10902256 0.05934294 0.1710335  0.06462151 0.08278973 0.05638697 0.08823903 0.1268096 ]",,"[0.03690934 0.00274503 0.00695554 0.00328635 0.01099028 0.00383704 0.02143176 0.00927118 0.00608014 0.00312313 0.0150864  0.02050661]",
Cuprite_fixed,"Results (25 runs, seed, same images)",Crop + Jitter + Blur,"[0.29738483 0.08075093 0.13132653 0.09267541 0.10070661 0.05173872 0.16281262 0.06453552 0.08043781 0.05765605 0.10162312 0.11887067]",,"[0.02484083 0.00187561 0.00934451 0.00488576 0.0053295  0.00078044 0.01880371 0.00917477 0.00374664 0.00400783 0.01563511 0.01407754]",
Cuprite_fixed,"Results (25 runs, seed, same images)",Crop + Jitter + Flip,"[0.28512946 0.07608141 0.13597873 0.08289158 0.10421896 0.06506735 0.18132907 0.07695897 0.10192469 0.07252757 0.12167552 0.11142883]",,"[0.03087283 0.00504991 0.00961015 0.00394248 0.01255756 0.00351086 0.0161145  0.01754413 0.00383509 0.00415529 0.01276063 0.02231539]",
Cuprite_fixed,"Results (25 runs, seed, same images)",Jitter + Flip,"[0.29223588 0.07366459 0.14577271 0.08364014 0.10229947 0.06799857 0.18544747 0.07700113 0.09682844 0.0689642  0.11280666 0.11320128]",,"[0.05389996 0.00364138 0.01727574 0.00405985 0.01508787 0.00531795 0.0224275  0.02027837 0.00934672 0.00457768 0.01010941 0.02102714]",
Cuprite_fixed,"Results (25 runs, seed, same images)",Jitter + Flip + Blur,"[0.2738403  0.07074221 0.12926863 0.09099279 0.10392208 0.05582598 0.17032479 0.05832801 0.08897912 0.07905206 0.13567145 0.12634517]",,"[0.02154008 0.00222554 0.01037386 0.00306916 0.00914279 0.00244047 0.01891069 0.00928414 0.00667853 0.00604603 0.00731219 0.01937108]",
JasperRidge,"Results (25 runs, no seed, diff images)","Blur (sigma = [0.1, 1.0])",[0.040666   0.06152292 0.09468123 0.34082127],,[0.00623831 0.01405295 0.02080666 0.14236489],
JasperRidge,"Results (25 runs, no seed, diff images)","Blur (sigma = [0.1, 2.0])",[0.04180804 0.05730154 0.09720996 0.3025924 ],,[0.00737129 0.01149532 0.02325075 0.17241153],
JasperRidge,"Results (25 runs, no seed, diff images)",Crop (50),[0.04856105 0.04263271 0.08880904 0.37100005],,[0.00915105 0.00957029 0.02972741 0.3333435 ],
JasperRidge,"Results (25 runs, no seed, diff images)",Crop (75),[0.04736422 0.04375349 0.09977958 0.26638764],,[0.00647515 0.00864159 0.03647729 0.2883535 ],
JasperRidge,"Results (25 runs, no seed, diff images)",Crop (95),[0.04833975 0.04379218 0.10338687 0.17432813],,[0.00642608 0.0112952  0.03121945 0.24097016],
JasperRidge,"Results (25 runs, no seed, diff images)",Vertical Flip,[0.04784691 0.05221971 0.1781307  0.23321205],,[0.00295727 0.01233371 0.04993691 0.1300246 ],
JasperRidge,"Results (25 runs, no seed, diff images)",Horizontal Flip,[0.0477866  0.05429577 0.18242736 0.22107115],,[0.00214112 0.00979895 0.04667908 0.12715898],
JasperRidge,"Results (25 runs, no seed, diff images)",Mix Flip,[0.04953257 0.05542566 0.1458653  0.32665384],,[0.00667539 0.01122096 0.05152922 0.17636177],
JasperRidge,"Results (25 runs, no seed, diff images)",Random Flip,[0.04857459 0.05322915 0.18483347 0.20879611],,[0.00288322 0.01198561 0.04621902 0.12739708],
JasperRidge,"Results (25 runs, no seed, diff images)",Jitter,[0.04327599 0.04520032 0.11497529 0.20316626],,[0.00582922 0.0123603  0.02648839 0.1928598 ],
JasperRidge,"Results (25 runs, no seed, diff images)",Crop + Blur,[0.04614941 0.05410751 0.1031314  0.32303962],,[0.00699372 0.01135183 0.01508765 0.11701933],
JasperRidge,"Results (25 runs, no seed, diff images)",Crop + Flip,[0.04969858 0.04691977 0.16281818 0.2709259 ],,[0.00406075 0.01095309 0.04971271 0.13250972],
JasperRidge,"Results (25 runs, no seed, diff images)",Crop + Flip + Blur,[0.05208944 0.04752178 0.1442799  0.2956901 ],,[0.00375328 0.0090994  0.04613548 0.12141374],
JasperRidge,"Results (25 runs, no seed, diff images)",Crop + Jitter,[0.04837047 0.05064806 0.13352294 0.20449667],,[0.00299872 0.0087509  0.02209951 0.11553825],
JasperRidge,"Results (25 runs, no seed, diff images)",Crop + Jitter + Blur,[0.04892798 0.04958544 0.09977832 0.31125712],,[0.00780313 0.01236209 0.01608428 0.1314841 ],
JasperRidge,"Results (25 runs, no seed, diff images)",Crop + Jitter + Flip,[0.04807916 0.04462871 0.19778395 0.18861449],,[0.0026586  0.00904629 0.04338237 0.11660093],
JasperRidge,"Results (25 runs, no seed, diff images)",Jitter + Flip,[0.05074331 0.05201413 0.1269604  0.3637389 ],,[0.00272194 0.0097761  0.03173691 0.07222217],
JasperRidge,"Results (25 runs, no seed, diff images)",Jitter + Flip + Blur,[0.05088225 0.04810119 0.1114433  0.37656444],,[0.00316635 0.01012883 0.0068516  0.00872669],
JasperRidge,"Results (25 runs, no seed, same images)","Blur (sigma = [0.1, 1.0])",[0.06121287 0.06200412 0.03919217 0.8202346 ],,[0.00417355 0.00841855 0.00332829 0.00807152],
JasperRidge,"Results (25 runs, no seed, same images)","Blur (sigma = [0.1, 2.0])",[0.06251622 0.06053048 0.04056924 0.8203384 ],,[0.00375827 0.00800436 0.00393642 0.00731311],
JasperRidge,"Results (25 runs, no seed, same images)",Crop (50),[0.05538033 0.04951972 0.04586197 0.8331389 ],,[0.00800504 0.00667023 0.0063256  0.00874809],
JasperRidge,"Results (25 runs, no seed, same images)",Crop (75),[0.05692492 0.04799004 0.04805169 0.8318308 ],,[0.0094997  0.00741142 0.00780757 0.00960581],
JasperRidge,"Results (25 runs, no seed, same images)",Crop (95),[0.05590796 0.04642635 0.04406597 0.83086014],,[0.00850313 0.00658509 0.00643491 0.01311702],
JasperRidge,"Results (25 runs, no seed, same images)",Vertical Flip,[0.07593557 0.04577833 0.04789052 0.9095585 ],,[0.00712146 0.01267968 0.00423946 0.042228  ],
JasperRidge,"Results (25 runs, no seed, same images)",Horizontal Flip,[0.07325196 0.05024706 0.0499253  0.89511985],,[0.00611401 0.00919063 0.01192954 0.04764625],
JasperRidge,"Results (25 runs, no seed, same images)",Mix Flip,[0.07267699 0.05312621 0.04719674 0.90042204],,[0.00810242 0.01179782 0.00455588 0.05179177],
JasperRidge,"Results (25 runs, no seed, same images)",Random Flip,[0.0767443  0.05123968 0.0508353  0.90367144],,[0.011892   0.01147146 0.00899537 0.05196204],
JasperRidge,"Results (25 runs, no seed, same images)",Jitter,[0.04585309 0.0535116  0.05271391 0.826579  ],,[0.00814899 0.00765115 0.00932947 0.0097926 ],
JasperRidge,"Results (25 runs, no seed, same images)",Crop + Blur,[0.06901362 0.04936308 0.04253955 0.8304124 ],,[0.00364065 0.00744598 0.00475488 0.01122814],
JasperRidge,"Results (25 runs, no seed, same images)",Crop + Flip,[0.07757177 0.04719593 0.05070592 0.89109534],,[0.00661232 0.01369817 0.00515162 0.04788886],
JasperRidge,"Results (25 runs, no seed, same images)",Crop + Flip + Blur,[0.09214759 0.04231082 0.0951092  0.85309905],,[0.01876054 0.01409938 0.21061379 0.1442619 ],
JasperRidge,"Results (25 runs, no seed, same images)",Crop + Jitter,[0.05783273 0.04909946 0.04396808 0.8342571 ],,[0.00856425 0.00733644 0.00765522 0.01642261],
JasperRidge,"Results (25 runs, no seed, same images)",Crop + Jitter + Blur,[0.06682356 0.0514315  0.04245385 0.83052605],,[0.0032607  0.00702944 0.00487135 0.01222224],
JasperRidge,"Results (25 runs, no seed, same images)",Crop + Jitter + Flip,[0.07902956 0.05107687 0.05264136 0.88900596],,[0.00654214 0.01165788 0.00973382 0.0539517 ],
JasperRidge,"Results (25 runs, no seed, same images)",Jitter + Flip,[0.07639399 0.04273742 0.0471492  0.90439224],,[0.00729558 0.01340932 0.00447611 0.04197194],
JasperRidge,"Results (25 runs, no seed, same images)",Jitter + Flip + Blur,[0.08513438 0.04303516 0.05369403 0.8779979 ],,[0.00812503 0.01387985 0.00841971 0.04767908],
JasperRidge,"Results (25 runs, seed, same images)","Blur (sigma = [0.1, 1.0])",[0.03929695 0.0669827  0.08890113 0.3735759 ],,[0.00354677 0.00958384 0.01123654 0.02800166],
JasperRidge,"Results (25 runs, seed, same images)","Blur (sigma = [0.1, 2.0])",[0.03899376 0.06652652 0.09086528 0.37390038],,[0.00261467 0.0086897  0.0104485  0.01963598],
JasperRidge,"Results (25 runs, seed, same images)",Crop (50),[0.0399847  0.0573788  0.09828331 0.34756044],,[0.00361152 0.00734108 0.0229667  0.10546905],
JasperRidge,"Results (25 runs, seed, same images)",Crop (75),[0.04139061 0.05624793 0.10243034 0.34017518],,[0.00406007 0.00874822 0.02281392 0.0996818 ],
JasperRidge,"Results (25 runs, seed, same images)",Crop (95),[0.0403254  0.0564106  0.09354639 0.38179463],,[0.00352948 0.00956446 0.01406009 0.0595841 ],
JasperRidge,"Results (25 runs, seed, same images)",Vertical Flip,[0.04601168 0.05051642 0.11509573 0.40244856],,[0.00213703 0.01147702 0.00645001 0.00443242],
JasperRidge,"Results (25 runs, seed, same images)",Horizontal Flip,[0.04639403 0.05050499 0.11364031 0.4010028 ],,[0.00179329 0.01010578 0.00698543 0.00523184],
JasperRidge,"Results (25 runs, seed, same images)",Mix Flip,[0.04720708 0.05185651 0.11171439 0.4019127 ],,[0.00241394 0.00955286 0.00502164 0.00530225],
JasperRidge,"Results (25 runs, seed, same images)",Random Flip,[0.045884   0.05029212 0.11673106 0.389519  ],,[0.00185164 0.00966403 0.02596449 0.05487913],
JasperRidge,"Results (25 runs, seed, same images)",Jitter,[0.03836183 0.05924923 0.13098022 0.31997198],,[0.00400524 0.00866177 0.0392272  0.1306858 ],
JasperRidge,"Results (25 runs, seed, same images)",Crop + Blur,[0.0400525  0.06045777 0.08110503 0.36712465],,[0.00406012 0.01068273 0.01324134 0.02903908],
JasperRidge,"Results (25 runs, seed, same images)",Crop + Flip,[0.04705616 0.04864681 0.12847912 0.37063518],,[0.00283611 0.0085877  0.03714975 0.09044188],
JasperRidge,"Results (25 runs, seed, same images)",Crop + Flip + Blur,[0.05047453 0.04590825 0.15094508 0.29482248],,[0.0026544  0.00818359 0.04969126 0.12989028],
JasperRidge,"Results (25 runs, seed, same images)",Crop + Jitter,[0.03937044 0.05813791 0.0932933  0.37420258],,[0.00290619 0.00727733 0.021224   0.08080732],
JasperRidge,"Results (25 runs, seed, same images)",Crop + Jitter + Blur,[0.03953975 0.06178975 0.07585076 0.378521  ],,[0.00298464 0.01099043 0.01623333 0.0267859 ],
JasperRidge,"Results (25 runs, seed, same images)",Crop + Jitter + Flip,[0.05035397 0.04588869 0.12229678 0.39209083],,[0.00657423 0.00889849 0.02188459 0.05592482],
JasperRidge,"Results (25 runs, seed, same images)",Jitter + Flip,[0.04719847 0.05215435 0.11024978 0.39994562],,[0.00242897 0.00986933 0.00900874 0.0057038 ],
JasperRidge,"Results (25 runs, seed, same images)",Jitter + Flip + Blur,[0.04892261 0.04540909 0.11976977 0.36391255],,[0.00260115 0.00854173 0.02807385 0.07183926],
